Playspace,Snowball,Smokey,Spots,Shadow,Sunny,Fred,Pumpkin,Callie,Tabitha,Bandit,Gabriel,Marshmallow,Socks,Lexy,Bolt,Breezy,Misty,Pickles,Pepper,Patches,Gozer,Cocoa,Princess,Ginger,Peaches,Spud,Mack,Speckles,Willie,Rascal,Dottie,Spooky,Apricot,Ganache,Pasty,Chip,Macchiato,Melange,Chocola,Willow,Sooty,Quicksilver,Maple,Caramel,Joe DiMeowgio,Senor Don Gato,Xerxes IX,Chairman Meow,Saint Purrtrick,Ms. Fortune,Bob the Cat,Conductor Whiskers,Tubbs,Mr. Meowgi,Lady Meow-Meow,Guy Furry,Kathmandu,Ramses the Great,Sassy Fran,Billy the Kitten,Frosty,Sapphire,Jeeves,Bengal Jack,Whiteshadow,Hermeowne,Aida,Informeow,Survy,Red Purrhood
N/A,0,0,0,0,0,0,0,0,0,0,0,0,0,0,0,0,0,0,0,0,0,0,0,0,0,0,0,0,0,0,0,0,0,0,0,0,0,0,0,0,0,0,0,0,0,0,0,0,0,0,0,0,0,0,0,0,0,0,0,0,0,0,0,0,0,0,0,0,0,0
Frisky Bitz (Tubbs/Whiteshadow),0,0,0,0,0,0,0,0,0,0,0,0,0,0,0,0,0,0,0,0,0,0,0,0,0,0,0,0,0,0,0,0,0,0,0,0,0,0,0,0,0,0,0,0,0,0,0,0,0,0,0,0,80,0,0,0,0,0,0,0,0,0,0,0,2,0,0,3,3,0
Ritzy Bitz  (Tubbs/Whiteshadow),0,0,0,0,0,0,0,0,0,0,0,0,0,0,0,0,0,0,0,0,0,0,0,0,0,0,0,0,0,0,0,0,0,0,0,0,0,0,0,0,0,0,0,0,0,0,0,0,0,0,0,0,60,0,0,0,0,0,0,0,0,0,0,0,1,0,0,5,5,0
Deluxe Tuna Bitz  (Tubbs/Whiteshadow),0,0,0,0,0,0,0,0,0,0,0,0,0,0,0,0,0,0,0,0,0,0,0,0,0,0,0,0,0,0,0,0,0,0,0,0,0,0,0,0,0,0,0,0,0,0,0,0,0,0,0,0,0,0,0,0,0,0,0,0,0,0,0,0,10,0,0,10,10,0
Bonito Bitz  (Tubbs/Whiteshadow),0,0,0,0,0,0,0,0,0,0,0,0,0,0,0,0,0,0,0,0,0,0,0,0,0,0,0,0,0,0,0,0,0,0,0,0,0,0,0,0,0,0,0,0,0,0,0,0,0,0,0,0,0,0,0,0,0,0,0,0,0,0,0,0,10,0,0,22,22,0
Sashimi  (Tubbs/Whiteshadow),0,0,0,0,0,0,0,0,0,0,0,0,0,0,0,0,0,0,0,0,0,0,0,0,0,0,0,0,0,0,0,0,0,0,0,0,0,0,0,0,0,0,0,0,0,0,0,0,0,0,0,0,50,0,0,0,0,0,0,0,0,0,0,0,3,0,0,0,0,0
Sashimi Boat  (Tubbs/Whiteshadow),0,0,0,0,0,0,0,0,0,0,0,0,0,0,0,0,0,0,0,0,0,0,0,0,0,0,0,0,0,0,0,0,0,0,0,0,0,0,0,0,0,0,0,0,0,0,0,0,0,0,0,0,0,0,0,0,0,0,0,0,0,0,0,0,0,0,0,0,0,0
Baseball,0,0,10,0,100,0,50,0,0,0,0,0,0,50,0,0,0,0,0,0,50,0,0,0,1,0,30,0,0,0,0,0,0,0,0,0,0,0,0,0,3,0,0,0,"[75, 75, 75]",0,0,0,0,0,0,0,0,0,0,0,0,0,0,0,0,0,0,0,0,0,0,0,0,0
Rubber Ball (Red),200,7,15,10,0,0,80,0,50,0,0,0,50,0,0,0,0,0,0,0,0,30,0,0,1,0,20,0,0,30,0,0,0,0,0,0,0,0,0,15,3,0,20,0,0,0,0,0,0,0,0,0,0,0,0,0,0,0,0,0,0,0,0,0,0,0,0,0,0,0
Rubber Ball (Yellow),5,0,15,10,0,0,40,0,30,0,0,0,60,0,0,15,0,0,0,0,0,30,0,0,1,0,0,0,0,0,0,0,0,0,0,0,0,0,0,10,3,0,20,0,0,0,0,0,0,0,0,0,0,0,0,0,0,0,0,0,0,0,0,0,0,0,0,0,0,0
Rubber Ball (Blue),5,0,15,10,0,5,40,0,30,0,0,0,40,0,0,0,15,0,0,0,0,30,0,0,1,0,0,0,0,0,0,0,0,0,0,0,0,0,0,10,3,0,20,0,0,0,0,0,0,0,0,0,0,0,0,0,0,0,0,0,0,0,0,0,0,0,0,0,0,0
Watermelon Ball,0,0,15,10,0,10,30,0,40,0,0,0,30,0,20,0,0,0,0,0,0,20,0,0,1,0,0,0,0,0,0,0,0,0,0,0,0,0,0,0,3,0,0,15,0,0,0,0,0,0,0,0,0,0,0,0,0,0,0,0,0,0,0,0,0,0,0,0,0,0
Beach Ball,0,0,15,10,80,5,30,0,30,0,0,0,20,0,0,0,0,0,0,0,30,20,50,0,1,0,0,0,0,0,0,0,0,0,0,0,0,0,0,0,3,0,0,0,0,0,0,0,0,0,0,0,0,0,0,0,0,0,0,0,0,0,0,0,0,0,0,0,0,0
Ping-Pong Ball,0,0,6,10,0,0,0,0,0,0,0,50,0,0,0,0,0,50,0,0,0,30,0,0,1,0,10,10,30,0,0,0,0,20,0,0,0,0,0,0,3,0,0,0,0,0,0,0,0,0,0,0,0,0,0,0,0,0,0,0,0,0,0,0,0,0,0,0,0,0
Soccer Ball,0,0,0,0,100,100,0,0,0,0,50,0,0,0,0,0,0,0,0,0,50,0,0,0,1,0,20,0,0,0,0,0,0,0,0,0,0,0,0,0,3,0,0,40,0,0,0,0,0,0,0,0,0,0,0,0,0,0,0,0,0,0,0,0,0,0,0,0,0,0
Stress Reliever,0,20,0,50,0,0,0,0,30,0,0,0,0,0,0,0,0,0,0,0,0,0,0,0,1,0,15,10,0,0,0,0,30,0,0,0,0,0,0,0,3,0,0,0,0,0,0,0,0,0,0,0,0,0,0,0,0,0,0,0,0,0,0,0,0,0,0,0,0,0
Ball of Yarn,20,0,0,50,0,0,0,30,0,0,0,0,0,0,0,0,0,0,0,20,0,0,30,20,1,0,5,0,0,0,0,50,0,0,0,0,0,0,0,0,3,30,0,10,0,0,0,0,0,0,0,0,0,0,0,0,0,0,0,0,0,0,0,0,0,0,0,0,0,0
Toy Capsule,20,0,5,10,0,0,0,0,0,0,0,50,0,0,0,0,0,50,0,0,0,30,0,0,1,0,10,10,25,0,0,0,0,10,0,0,0,0,0,0,3,0,0,20,0,0,0,0,0,0,0,0,0,0,0,0,0,0,0,0,0,0,0,0,0,0,0,0,0,0
Temari Ball,10,10,0,0,0,0,0,0,0,0,0,50,0,70,0,0,0,0,0,20,0,0,0,0,1,10,0,0,0,0,50,0,0,0,0,0,0,0,0,0,3,0,0,5,0,0,0,0,0,0,0,0,0,0,0,0,100,0,0,0,0,0,0,0,0,0,0,0,0,0
Cake Box,0,0,20,0,100,0,0,0,0,30,0,0,0,0,0,0,10,0,10,0,0,0,0,50,1,0,0,0,0,0,0,0,0,0,60,0,0,0,0,15,3,0,0,0,0,0,0,0,0,0,0,0,0,0,0,0,0,0,0,0,0,0,0,0,0,0,0,0,0,0
Gift Box (Red),10,0,10,0,0,0,30,0,30,0,0,0,25,0,40,60,0,0,0,0,0,30,0,0,1,0,10,0,0,0,0,80,0,0,0,0,0,0,15,0,3,0,15,0,0,0,0,0,0,0,0,0,0,0,0,0,0,0,0,0,0,0,0,0,0,0,0,0,0,0
Gift Box (Green),10,0,10,0,0,0,30,0,30,0,0,0,25,0,40,60,0,0,0,0,0,30,0,0,1,0,10,0,0,0,0,80,0,0,0,0,0,0,15,0,3,0,0,0,0,0,0,0,0,0,0,0,0,0,0,0,0,0,0,0,0,0,0,0,0,0,0,0,0,0
Shopping Box (Small),10,0,16,25,0,30,50,100,50,0,0,0,30,0,60,70,100,0,0,0,0,50,0,0,1,0,15,0,0,0,0,30,0,0,80,0,0,0,0,60,3,0,0,0,0,0,0,0,0,0,0,0,0,0,0,0,0,0,0,0,0,0,0,0,0,0,0,0,0,0
Shopping Box (Large),0,20,0,25,100,0,0,0,0,130,0,0,100,0,0,0,0,50,20,0,0,0,0,80,1,50,0,0,0,0,0,50,0,0,80,0,0,0,0,50,3,0,0,20,0,0,0,0,0,0,0,0,0,0,0,0,0,0,0,0,0,0,0,0,0,0,0,0,0,0
Cardboard (Flat),0,0,0,0,0,0,30,0,10,50,0,0,0,0,20,0,70,0,0,0,0,0,0,0,1,0,10,0,0,0,0,40,0,0,60,0,0,0,0,0,3,0,0,0,0,0,0,0,0,0,0,0,0,0,0,0,0,0,0,0,0,0,0,0,0,0,0,0,0,0
Cardboard Truck,20,0,20,0,50,0,0,0,0,0,100,0,50,0,0,0,0,0,0,0,100,0,25,0,1,0,20,0,30,0,0,0,0,0,0,0,0,0,0,0,3,0,0,0,0,0,0,0,0,0,0,0,0,0,0,0,0,0,0,0,0,0,0,0,0,0,0,0,0,0
Treasure-box,0,0,0,10,60,0,0,0,0,50,0,0,80,0,0,0,0,0,20,0,0,0,0,80,1,0,0,0,0,0,0,0,0,5,0,0,0,80,0,0,3,0,0,10,0,0,0,0,0,0,0,0,0,0,0,0,0,0,0,0,0,0,0,0,0,0,0,0,0,0
Luxury Treasure-box,0,20,0,15,30,0,0,0,0,30,0,0,70,0,0,0,0,0,15,0,0,0,0,0,1,0,0,0,0,0,0,0,0,0,0,0,80,0,0,0,3,25,0,10,0,0,0,0,0,0,0,0,0,0,0,0,0,0,0,0,0,0,0,0,0,0,0,0,0,0
Luxury Treasure-box (Bengal Jack only),0,0,0,0,0,0,0,0,0,0,0,0,0,0,0,0,0,0,0,0,0,0,0,0,0,0,0,0,0,0,0,0,0,0,0,0,0,0,0,0,0,0,0,0,0,0,0,0,0,0,0,0,0,0,0,0,0,0,0,0,0,0,0,100,0,0,0,0,0,0
Cardboard House (door),2,2,1,10,10,50,50,30,30,0,0,0,0,0,0,50,0,10,0,0,0,30,0,0,1,30,0,10,20,0,0,0,0,0,0,0,0,20,0,0,3,0,0,0,0,0,0,0,0,"[100, 80, 100]",0,0,0,0,0,0,0,0,0,0,0,0,0,0,0,0,0,0,0,0
Cardboard House (window),10,5,5,20,20,0,0,0,30,0,0,0,0,30,0,30,0,10,10,70,0,0,0,0,1,0,0,20,0,0,0,0,0,0,0,0,0,0,0,0,3,40,0,0,0,0,0,0,0,0,0,0,0,0,0,0,0,0,0,0,0,0,0,0,0,0,0,0,0,0
Cardboard House (top),0,0,5,0,50,0,0,0,0,30,0,0,0,0,0,0,0,0,0,0,50,0,25,0,1,0,10,10,0,30,0,0,0,50,0,0,20,0,0,0,3,0,0,0,0,0,0,0,0,0,0,0,0,0,0,0,0,0,0,0,0,0,0,0,0,0,0,0,0,0
Cardboard Cafe (right),10,0,0,10,0,0,15,0,0,0,20,0,0,0,0,0,0,0,0,0,0,0,0,0,1,0,40,10,30,0,0,0,0,0,0,0,0,30,0,0,3,0,0,0,0,0,0,0,0,0,0,0,0,0,0,0,0,0,0,0,0,0,0,0,0,0,0,0,0,0
Cardboard Cafe (left),0,10,0,0,0,20,0,30,0,0,0,0,0,30,20,0,0,0,0,0,20,0,0,0,1,0,0,10,0,0,0,0,0,0,0,0,0,0,30,0,3,0,0,0,0,0,0,0,0,0,0,0,0,0,0,0,0,0,"[100, 0, 0]",0,0,0,0,0,0,0,0,0,0,0
Cardboard Cafe (top),0,4,40,30,0,0,0,0,0,0,0,0,10,0,0,0,0,0,0,0,10,0,0,0,3,0,0,0,0,10,0,0,0,50,0,0,30,0,0,0,3,0,0,15,0,0,0,0,0,0,0,0,0,0,0,0,0,0,0,0,0,0,0,0,0,0,0,0,0,0
Cardboard Choo-choo (headlights),0,0,70,30,50,0,0,0,0,0,70,0,120,0,0,0,0,0,0,0,70,10,0,0,1,0,0,0,0,0,30,0,0,0,0,0,0,0,0,0,3,0,0,0,0,0,0,0,0,0,0,0,0,0,0,0,0,0,0,0,0,0,0,0,0,0,0,0,0,0
Cardboard Choo-choo (on top),0,0,0,0,0,70,0,0,0,30,0,0,0,0,0,40,0,0,0,0,30,10,20,0,1,0,10,10,0,30,0,20,0,20,0,0,70,0,0,0,3,0,0,0,0,0,0,0,0,0,0,0,0,0,0,0,0,0,0,0,0,0,0,0,0,0,0,0,0,0
Cardboard Choo-choo (head on top),0,10,30,0,50,0,40,0,0,0,0,50,100,0,0,0,0,0,0,0,0,10,0,0,1,0,10,0,0,0,0,0,0,0,0,0,0,0,0,20,3,30,0,20,0,0,0,0,0,0,0,0,0,0,0,0,0,0,0,0,0,0,0,0,0,0,0,0,0,0
Cardboard Choo-choo (side window),30,15,0,0,0,0,0,0,0,0,30,0,0,30,0,0,0,0,10,0,0,10,0,0,1,10,20,10,20,0,15,0,0,0,0,0,0,70,0,0,3,0,0,10,0,0,0,0,0,0,0,"[35, 20, 20]",0,0,0,0,0,0,0,0,0,0,0,0,0,0,0,0,0,0
Dino Deluxe (top),0,0,0,0,50,20,0,0,0,60,0,0,20,0,0,0,0,0,0,0,0,10,0,0,1,0,0,0,0,0,0,0,0,0,0,0,80,0,0,0,3,0,0,0,0,0,0,0,0,0,0,0,0,0,0,0,0,0,0,0,0,0,0,0,0,0,0,0,0,0
Dino Deluxe (bottom),0,30,0,0,0,0,0,0,0,30,0,50,40,0,0,0,0,0,0,0,0,0,0,0,1,0,10,0,0,0,0,0,0,0,0,0,0,80,0,0,3,0,0,0,0,0,0,0,0,0,0,0,0,0,0,0,0,0,0,0,0,0,0,0,0,0,0,0,0,0
Pillow (Purple),40,0,0,0,0,0,0,120,50,0,50,30,0,0,70,100,80,0,0,20,0,10,0,0,1,0,0,0,0,0,15,0,0,0,0,0,0,30,0,20,3,0,15,0,0,0,0,0,0,0,0,0,0,0,0,0,0,0,0,0,"[5, 5, 5]",0,0,0,0,0,0,0,0,0
Pillow (Yellow),30,0,0,0,0,0,0,0,60,0,30,20,0,0,80,80,50,0,0,0,10,10,0,0,1,0,0,0,0,0,15,0,0,0,0,0,0,30,0,30,3,0,15,0,0,0,0,0,0,0,0,0,0,0,0,0,0,0,0,0,"[5, 5, 5]",0,0,0,0,0,0,0,0,0
Pillow (Green),30,20,0,0,0,0,0,120,60,0,50,50,0,0,60,70,70,0,10,0,0,10,0,0,1,30,0,0,0,30,15,0,0,0,0,0,0,30,0,20,3,0,15,0,0,0,0,0,0,0,0,0,0,0,0,0,0,0,0,0,"[5, 5, 5]",0,0,0,0,0,0,0,0,0
Silk Crepe Pillow,0,10,0,0,0,50,0,0,0,0,50,70,0,100,0,0,0,30,10,0,0,10,0,0,1,0,0,0,0,0,30,0,0,0,0,0,0,0,0,0,3,0,15,0,0,0,0,0,"[100, 90, 90]",0,0,0,0,0,0,0,0,0,0,0,"[5, 5, 5]",0,0,0,0,0,0,0,0,0
Sakura Pillow,70,0,0,50,0,0,20,0,0,0,0,50,0,70,0,0,0,0,0,0,0,0,20,20,1,30,0,0,0,0,50,0,0,0,0,0,0,0,0,0,3,0,15,0,0,0,0,0,0,0,0,0,0,"[10, 10, 10]",0,0,0,0,0,0,"[5, 5, 5]",0,0,0,0,0,0,0,0,0
Maple Pillow,70,0,0,50,0,0,20,0,0,0,0,50,0,70,0,0,0,0,0,0,0,0,15,15,1,20,0,0,0,0,60,0,0,0,0,0,0,0,0,0,3,30,0,0,0,0,0,0,0,0,0,0,0,0,0,0,0,0,0,0,"[5, 5, 5]",0,0,0,0,0,0,0,0,0
Snowy Pillow,50,0,0,0,0,10,0,0,0,0,0,20,0,60,0,0,0,0,0,0,0,0,20,20,1,0,0,0,0,0,45,0,0,0,0,0,0,0,0,0,3,0,15,0,0,0,0,0,0,0,0,0,0,0,0,0,0,0,0,0,"[30, 30, 30]",0,0,0,0,0,0,0,0,0
Grass Cushion (Red),20,0,0,0,0,0,0,40,30,0,20,0,0,20,0,60,50,0,10,0,0,10,15,0,1,0,0,0,0,0,30,0,0,0,0,0,0,30,0,0,3,0,20,0,0,0,0,0,0,0,0,0,0,0,0,0,0,0,0,0,"[5, 5, 5]",0,0,0,0,0,0,0,0,0
Grass Cushion (Navy),15,10,0,0,0,0,0,30,30,0,20,0,0,0,0,70,40,0,0,0,0,10,0,0,1,0,0,0,0,30,30,0,0,0,0,0,0,30,0,0,3,0,20,0,0,0,0,0,0,0,0,0,0,0,0,0,0,0,0,0,"[5, 5, 5]",0,0,0,0,0,0,0,0,0
Grass Cushion (Green),0,0,0,0,0,0,0,0,30,0,0,0,0,0,0,60,20,0,0,0,0,10,0,0,1,0,0,15,0,0,30,0,0,0,0,0,0,15,0,0,3,0,15,0,0,0,0,0,0,0,0,0,0,0,0,0,0,0,0,0,0,0,0,0,0,0,0,0,0,0
Grass Cushion (Purple),0,0,0,0,0,0,0,30,0,0,10,0,0,0,0,100,20,0,0,0,0,10,0,0,1,0,0,0,0,0,0,0,0,0,0,0,0,20,0,0,3,0,15,0,0,0,0,0,0,0,0,0,0,0,0,0,0,0,0,0,0,0,0,0,0,0,0,0,0,0
Pinewood Mat,30,0,0,15,0,0,0,30,0,0,0,0,0,0,0,0,0,0,15,0,0,0,20,0,1,5,0,0,0,0,10,0,0,15,0,0,0,0,0,20,3,0,0,0,0,0,0,0,0,0,0,0,0,0,0,0,0,0,0,0,0,0,0,0,0,0,0,0,0,0
Cypress Mat,0,30,20,15,0,0,0,0,40,0,0,0,10,0,0,0,0,0,0,0,0,0,0,0,1,0,0,0,0,0,0,10,0,0,0,0,0,0,0,0,3,0,0,0,0,0,0,0,0,0,0,0,0,0,0,0,0,0,0,0,0,0,0,0,0,0,0,0,0,0
Cushion (Beige),50,10,0,0,0,0,50,0,40,0,100,0,0,0,0,0,0,0,0,20,0,10,0,0,1,0,0,0,0,0,0,0,20,0,0,0,30,0,0,30,3,0,15,0,0,0,0,0,0,0,0,0,0,0,0,0,0,0,0,0,0,0,0,0,0,0,0,0,0,0
Cushion (Pink),30,0,8,10,0,0,0,0,0,0,0,30,0,0,0,0,100,0,0,20,0,10,15,0,1,0,0,0,0,0,0,0,40,0,0,0,0,0,0,0,3,30,15,0,0,0,0,0,0,0,0,0,0,0,0,0,0,0,0,0,0,0,0,0,0,0,0,0,0,0
Cushion (Brown),50,0,3,0,0,40,0,50,0,0,0,0,0,0,0,50,0,30,20,20,100,10,0,0,1,0,0,0,0,0,0,0,20,0,0,0,30,0,0,20,3,0,15,0,0,0,0,0,0,0,0,0,0,0,0,0,0,0,0,0,0,0,0,0,0,0,0,0,0,0
Cushion (Yellow),20,0,0,0,0,0,0,20,20,0,0,0,0,0,0,0,50,0,0,0,10,5,0,5,1,0,0,10,0,0,0,30,20,0,0,0,30,0,20,0,3,0,15,0,0,0,0,0,0,0,0,0,0,0,0,0,0,0,0,0,0,0,0,0,0,0,0,0,0,0
Cushion (Green),0,20,0,0,0,70,0,0,0,10,0,0,0,0,0,10,0,0,0,0,0,5,50,0,1,0,0,0,0,30,0,15,20,0,0,40,0,0,0,0,3,0,15,0,0,0,0,0,0,0,0,0,0,0,0,0,0,0,0,0,0,0,0,0,0,0,0,0,0,0
Cushion (Choco mint),0,0,0,0,0,0,20,0,0,0,0,0,0,0,0,0,10,0,0,0,0,5,25,10,1,0,0,0,0,30,0,0,20,0,0,30,30,0,0,0,3,0,15,0,0,0,0,0,0,0,0,0,0,0,0,0,0,0,0,0,0,0,0,0,0,0,0,0,0,0
Cushion (B&W),0,25,0,0,0,0,0,0,0,0,15,0,0,0,0,0,10,10,0,0,0,5,0,0,1,0,0,0,0,0,0,5,20,0,0,0,40,0,0,0,3,0,15,0,0,0,0,0,0,0,0,0,0,0,0,0,0,0,0,0,0,0,0,0,0,0,0,0,0,0
Cushion (Lemon),15,0,0,0,0,0,0,0,20,0,0,0,0,0,50,0,0,0,0,0,10,5,0,0,1,0,0,0,0,0,0,0,10,0,0,0,0,10,0,0,3,0,15,0,0,0,0,0,0,0,0,0,0,0,0,0,0,0,0,0,0,0,0,0,0,0,0,0,0,0
Cushion (Orange),20,0,0,0,0,0,20,0,20,0,0,0,0,0,50,0,0,0,0,0,0,5,10,0,1,0,0,0,0,0,0,0,10,0,0,0,20,0,0,0,3,0,15,0,0,0,0,0,0,0,0,0,0,0,0,0,0,0,0,0,0,0,0,0,0,0,0,0,0,0
1470,50,0,0,0,0,0,16,33,0,0,33,0,0,0,0,33,0,20,13,20,66,0,0,0,1,0,0,0,0,0,0,0,0,0,0,0,30,0,0,23,3,0,0,0,0,0,0,0,0,0,0,0,0,0,0,0,0,0,0,0,0,0,0,0,0,0,0,0,0,0
Lucky Cushion,20,20,0,0,0,0,0,20,30,0,0,0,0,0,0,30,10,0,0,10,0,5,30,0,1,0,0,0,0,30,0,0,0,0,20,0,0,0,15,0,3,20,0,0,0,0,0,0,0,0,0,0,0,0,0,0,0,0,0,0,0,0,0,0,0,0,0,0,0,0
Shroom House (Red),20,0,0,10,0,0,0,0,0,0,0,0,0,0,20,0,50,0,0,0,0,10,0,0,1,0,0,0,0,0,0,0,20,0,0,0,30,0,30,0,3,0,15,0,0,0,0,0,0,0,0,0,0,0,0,0,0,0,0,0,0,0,0,0,0,0,0,0,0,0
Shroom House (Blue),0,0,0,0,0,0,0,0,0,0,0,0,0,0,20,0,30,0,0,0,0,10,0,0,1,0,0,0,0,0,0,20,20,0,0,10,0,0,40,0,3,0,15,0,0,0,0,0,0,0,0,0,0,0,0,0,0,0,0,0,0,0,0,0,0,0,0,0,0,0
Shroom House (Green),0,0,0,0,0,0,0,0,0,0,0,0,0,0,20,10,30,0,0,0,0,10,0,0,1,0,0,0,0,30,0,0,20,0,0,0,0,0,30,0,3,0,15,0,0,0,0,0,0,0,0,0,0,0,0,0,0,0,0,0,0,0,0,0,0,0,0,0,0,0
Fluffy Bed (White),30,0,0,0,0,0,0,10,20,0,0,0,0,0,0,0,70,0,0,20,0,10,0,5,1,0,0,0,0,0,20,0,20,0,15,0,0,0,0,0,3,20,15,0,0,0,0,0,0,0,0,0,0,0,0,0,0,0,0,0,0,0,0,0,0,0,0,0,0,0
Fluffy Bed (Pink),30,0,0,10,0,0,0,10,10,0,0,30,0,0,0,0,0,0,0,0,0,10,60,0,1,0,0,0,0,0,20,0,20,0,0,0,0,0,0,0,3,20,15,0,0,0,0,0,0,0,0,0,0,0,0,0,0,0,0,0,0,0,0,0,0,0,0,0,0,0
Fluffy Bed (Brown),20,0,0,0,0,0,20,20,10,0,0,0,0,20,0,50,0,0,0,0,70,10,0,0,1,0,0,0,0,0,0,0,20,0,0,0,0,0,0,0,3,0,15,0,0,0,0,0,0,0,0,0,0,0,0,0,0,0,0,0,0,0,0,0,0,0,0,0,0,0
Royal Bed,0,10,0,0,0,40,0,0,0,0,0,0,0,100,0,0,0,0,5,0,0,0,0,0,1,0,0,0,0,20,15,0,0,0,0,15,50,0,0,0,3,0,0,0,0,0,30,0,0,0,0,0,0,0,0,0,0,0,0,0,0,0,0,0,0,0,0,0,0,0
Orange Cube (top),20,0,30,0,0,0,0,30,40,0,0,0,0,0,0,0,0,0,0,0,0,15,0,0,1,0,0,0,0,0,10,0,0,0,0,0,0,0,0,0,3,0,0,0,0,0,0,0,0,0,0,0,0,0,0,0,0,0,0,0,0,0,0,0,0,0,0,0,0,0
Orange Cube (inside),30,0,0,0,0,0,0,0,0,0,0,0,0,0,0,0,0,20,20,0,0,0,0,20,1,20,0,0,0,0,0,10,10,0,0,0,0,0,0,0,3,0,0,0,0,0,0,0,0,0,0,0,0,0,0,0,0,0,0,0,0,0,0,0,0,0,0,0,0,0
Navy-blue Cube (top),10,5,0,0,0,0,0,30,40,0,0,0,15,0,0,0,0,0,0,0,0,15,0,0,1,0,0,0,0,0,10,0,0,0,0,0,0,0,0,20,3,0,0,0,0,0,0,0,0,0,0,0,0,0,0,0,0,0,0,0,0,0,0,0,0,0,0,0,0,0
Navy-blue Cube (inside),30,0,0,0,0,0,0,0,0,0,0,0,0,0,0,0,0,20,20,0,0,0,0,20,1,20,0,0,5,0,0,10,10,0,0,0,0,0,0,0,3,0,0,0,0,0,0,0,0,0,0,0,0,0,0,0,0,0,0,0,0,0,0,0,0,0,0,0,0,0
Tiramisu Cube (top),10,5,0,0,30,0,0,30,40,30,0,0,10,0,0,25,0,0,0,0,0,15,10,0,5,0,0,0,0,0,20,0,0,0,0,0,0,0,0,0,3,0,0,0,0,0,0,0,0,0,0,0,0,0,0,0,0,0,0,0,0,0,0,0,0,0,0,0,0,0
Tiramisu Cube (inside),50,50,0,10,0,0,0,0,0,0,0,0,0,10,80,0,0,20,25,0,0,0,0,20,5,15,0,0,0,0,0,5,10,0,0,0,0,0,0,0,3,0,0,0,0,0,0,0,0,0,0,0,0,0,0,0,0,0,0,0,0,0,0,0,0,0,0,0,0,0
Dice Cube (top),10,20,30,30,0,0,0,30,40,0,0,0,10,0,0,0,0,0,0,0,0,10,0,0,1,0,0,0,0,0,20,0,0,0,0,0,0,0,0,0,3,0,0,0,0,0,0,0,0,0,0,0,0,0,0,0,0,0,0,0,0,0,0,0,0,0,0,0,0,0
Dice Cube (inside),0,0,0,10,0,0,0,0,0,0,0,0,0,15,0,5,0,20,30,0,0,0,0,20,1,10,0,0,5,0,0,5,10,0,0,0,0,0,0,0,3,0,0,0,0,0,0,0,0,0,0,0,0,0,0,0,0,0,0,0,0,0,0,0,0,0,0,0,0,0
Stump House (top),20,20,0,0,0,5,0,30,40,30,0,0,10,0,0,30,0,0,0,0,0,15,10,0,1,0,0,0,0,0,10,0,0,0,0,0,0,0,0,0,3,0,0,10,0,0,0,0,0,0,0,0,0,0,0,0,0,0,0,0,0,0,0,0,0,0,0,0,0,0
Stump House (inside),10,0,0,30,0,0,0,0,0,0,0,0,0,0,0,0,0,0,60,0,0,0,0,20,1,20,0,0,0,0,10,15,20,0,0,0,0,0,0,0,3,0,0,0,0,0,0,0,0,0,0,0,0,0,0,0,0,0,0,0,0,0,0,0,0,0,0,0,0,0
Bamboo House (top),30,30,0,0,0,5,0,50,0,50,0,0,15,0,0,50,0,0,0,0,0,0,30,0,1,15,0,0,0,0,15,0,0,0,15,0,0,0,0,0,3,0,0,15,0,0,0,0,0,0,0,0,0,0,0,0,0,0,0,0,0,0,0,0,0,0,0,0,0,0
Bamboo House (inside),10,0,0,60,0,0,0,0,60,0,0,0,0,0,0,0,0,0,45,0,15,0,30,15,1,0,0,0,0,0,15,25,0,30,0,0,0,25,0,0,3,0,0,0,0,0,0,0,0,0,0,0,0,0,0,0,0,0,0,0,0,0,0,0,0,0,0,0,0,0
Biscuit Mat,10,0,0,15,0,0,0,15,10,0,0,0,0,0,70,40,0,0,0,10,0,5,0,0,1,0,0,0,0,0,0,0,0,0,0,0,0,0,0,0,3,0,0,0,0,0,0,0,0,0,0,0,0,0,0,0,0,0,0,0,0,0,0,0,0,0,0,0,0,0
Thick Cooling Pad,30,0,0,0,50,40,0,0,0,0,0,0,30,0,30,30,0,0,40,0,0,10,0,0,1,0,20,0,20,0,0,0,0,10,0,80,0,0,0,20,3,0,0,10,0,0,0,0,0,0,0,0,0,0,0,0,0,0,0,0,"[5, 5, 5]",0,0,0,0,0,0,0,0,0
Cool Aluminum Pad,0,0,20,0,10,20,0,0,0,0,20,0,0,0,0,0,5,0,0,0,0,10,0,0,1,0,0,0,0,0,0,0,0,10,0,100,0,20,0,0,3,0,0,15,0,0,0,0,0,0,0,0,0,0,0,0,0,0,0,0,"[5, 5, 5]",0,0,0,0,0,0,0,0,0
Aluminium Bowl,0,0,0,0,0,30,0,0,0,0,10,0,0,0,0,0,5,0,0,0,0,10,0,0,1,0,0,0,0,0,0,0,0,10,0,80,0,15,0,0,3,0,0,0,0,0,0,0,0,0,0,0,0,0,0,0,0,0,0,0,0,0,0,0,0,0,0,0,0,0
Aluminium Pot,0,0,10,20,0,0,30,0,0,0,10,0,0,0,0,0,0,0,0,0,0,0,0,0,1,0,0,0,0,0,0,0,0,0,0,100,0,5,0,0,3,0,0,0,0,0,0,0,0,0,0,0,0,0,0,0,0,0,0,0,0,0,0,0,0,0,0,0,0,0
Marble Pad,0,10,0,0,0,0,20,0,0,0,0,10,0,30,0,0,5,0,0,0,0,10,20,0,1,10,0,0,0,0,0,0,0,10,0,80,0,0,0,0,3,0,0,0,0,0,0,0,0,0,0,0,0,0,0,0,0,0,0,0,"[5, 5, 5]",0,0,0,0,0,0,0,0,0
Manta Gel Mat,30,0,5,0,30,30,0,0,0,0,0,0,20,0,15,10,0,0,0,0,0,10,0,0,1,0,0,0,0,0,0,0,0,0,0,40,0,0,0,0,3,0,0,0,0,0,0,0,0,0,0,0,0,0,0,0,0,0,0,0,0,0,0,0,0,0,0,0,0,0
Large Cooling Mat (top),30,0,0,0,30,20,0,10,0,0,0,0,0,0,0,0,5,0,0,20,0,10,0,0,1,0,0,15,20,0,0,0,10,0,0,0,0,0,0,20,3,0,0,0,0,0,0,0,0,0,0,0,0,0,0,0,0,0,0,0,"[5, 5, 5]",0,0,0,0,0,0,0,0,0
Large Cooling Mat (center),30,0,10,0,30,20,0,0,10,0,0,0,0,0,0,0,5,0,0,20,0,10,0,0,1,0,0,15,20,0,0,0,0,0,0,0,0,0,0,0,3,0,0,20,0,0,0,0,0,0,0,0,0,0,0,0,0,0,0,0,"[5, 5, 5]",0,0,0,0,0,0,0,0,0
Large Cooling Mat (bottom),0,30,0,0,30,10,0,0,0,0,0,0,0,0,0,0,5,0,0,20,0,10,0,0,1,20,0,15,20,0,0,0,0,0,0,30,0,0,0,0,3,0,0,0,0,0,0,0,0,0,0,0,0,0,0,0,0,0,0,0,"[5, 5, 5]",0,0,0,0,0,0,0,0,0
Fluffy Cushion,30,5,0,5,0,0,0,0,30,0,0,0,0,0,0,30,0,20,0,0,0,10,0,0,1,0,0,0,0,0,0,0,20,0,0,0,20,0,0,0,3,0,0,0,0,0,0,0,0,0,0,0,0,0,0,0,0,0,0,0,0,0,0,0,0,0,0,0,0,0
Plum Cushion (Red),40,30,0,0,0,0,0,0,0,0,0,0,0,0,0,15,0,0,0,15,0,10,15,0,1,0,0,0,0,0,40,0,10,0,0,0,0,0,0,0,3,0,15,0,0,0,0,0,0,0,0,0,0,0,0,0,0,0,0,0,0,0,0,0,0,0,0,0,0,0
Plum Cushion (Pink),20,5,0,10,0,0,0,0,0,0,0,20,0,0,0,15,30,0,0,20,0,10,20,0,1,0,0,0,0,0,0,0,10,0,0,0,0,0,0,0,3,30,15,0,0,0,0,0,0,0,0,0,0,0,0,0,0,0,0,0,0,0,0,0,0,0,0,0,0,0
Plum Cushion (White),5,5,0,0,0,0,0,10,40,0,0,0,0,0,0,30,0,0,0,15,0,10,0,5,1,0,0,15,0,0,30,0,10,0,15,0,0,0,0,0,3,20,15,50,0,0,0,0,0,0,0,0,0,0,0,0,0,0,0,0,0,0,0,0,0,0,0,0,0,0
Sheep Cushion,20,30,0,0,0,0,0,0,0,20,0,0,30,0,50,0,0,0,0,0,0,10,25,10,1,0,0,15,0,0,30,0,30,0,0,0,0,0,0,0,3,30,0,0,0,0,0,0,0,0,0,0,0,0,0,0,0,0,0,0,0,0,0,0,0,0,0,0,0,0
Mister Penguin,0,0,10,0,0,0,30,0,40,0,0,40,30,60,0,0,0,0,0,0,50,0,0,0,1,0,0,0,0,0,0,0,0,0,0,15,0,0,0,0,3,0,0,15,0,0,0,0,0,0,0,0,0,0,0,0,0,0,0,0,0,0,0,0,0,0,0,0,0,0
Sakuramochi Cushion,20,0,0,0,20,0,0,0,20,0,0,0,0,0,70,10,0,0,0,30,0,0,0,0,3,0,20,0,0,0,25,0,20,0,0,0,0,0,0,0,3,30,20,0,0,0,0,0,0,0,0,0,0,0,0,0,0,0,0,0,0,0,0,0,0,0,0,0,0,0
Kashiwamochi Cushion,0,15,20,0,30,5,0,5,5,0,0,0,0,0,50,10,0,20,0,0,0,0,0,0,1,0,10,0,0,0,0,5,0,0,20,5,0,0,10,0,3,10,15,0,0,0,0,0,0,0,0,0,0,0,0,0,0,0,0,0,0,0,0,0,0,0,0,0,0,0
Burger Cushion (tail sticking out),0,0,5,0,30,0,0,0,0,5,0,0,15,0,70,0,0,0,30,10,0,0,0,30,1,0,0,0,0,0,0,0,30,0,0,0,80,0,0,10,3,0,0,0,0,0,0,0,0,0,0,0,0,0,0,0,0,0,0,0,0,0,0,0,0,0,0,0,0,0
Burger Cushion (sleeping),30,20,0,0,0,0,0,0,15,0,0,0,0,0,0,20,0,5,0,0,0,10,15,0,1,0,15,10,0,0,20,0,0,0,0,0,0,80,0,0,3,0,0,0,0,0,0,0,0,0,0,0,0,0,0,0,0,0,0,0,0,0,0,0,0,0,0,0,0,0
Pancake Cushion (tail sticking out),0,0,0,0,0,0,0,0,0,5,0,0,0,0,80,0,0,0,20,10,0,0,0,30,3,0,0,0,0,0,0,0,20,0,0,0,0,0,0,0,3,0,0,10,0,0,0,0,0,0,0,0,0,0,0,0,0,0,0,0,0,0,0,0,0,0,0,0,0,0
Pancake Cushion (sleeping),30,5,0,0,0,0,0,0,15,0,0,0,0,0,0,20,0,5,0,0,0,10,15,0,3,0,15,10,0,0,20,0,0,0,0,0,0,0,0,0,3,0,0,10,0,0,0,0,0,0,0,0,0,0,0,0,0,0,0,0,0,0,0,0,0,0,0,0,0,0
1800,0,0,0,0,0,0,0,0,0,0,25,0,0,50,40,0,0,0,15,0,0,0,0,15,2,0,0,0,0,0,15,0,0,0,0,0,0,0,0,0,3,0,0,0,0,0,0,0,0,0,0,0,0,0,0,0,0,0,0,0,0,0,0,0,0,0,0,0,0,0
1801,20,0,0,0,0,25,0,0,0,0,0,35,0,0,0,0,0,18,0,0,0,0,0,0,2,0,0,0,0,0,25,0,0,0,0,0,0,0,0,0,3,0,0,0,0,0,0,0,0,0,0,0,0,0,0,0,0,0,0,0,0,0,0,0,0,0,0,0,0,0
1810,0,0,0,0,0,0,0,0,0,0,0,0,0,0,40,0,50,0,0,17,0,0,0,15,2,0,0,0,0,0,0,0,0,0,0,0,0,0,0,0,0,15,0,0,0,0,0,0,0,0,0,0,0,0,0,0,0,0,0,0,0,0,0,0,0,0,0,0,0,0
1811,35,0,0,0,0,0,0,0,0,0,0,15,0,0,0,0,0,0,0,0,0,0,15,0,2,0,0,0,0,0,0,0,20,0,0,0,0,0,0,0,0,0,0,0,0,0,0,0,0,0,0,0,0,0,0,0,0,0,0,0,0,0,0,0,0,0,0,0,0,0
1820,0,0,0,0,0,0,0,0,0,0,0,0,0,0,40,0,25,0,0,0,0,0,0,18,2,0,0,0,0,0,0,15,20,0,0,0,0,0,0,0,0,0,0,0,0,0,0,0,0,0,0,0,0,0,0,0,0,0,0,0,0,0,0,0,0,0,0,0,0,0
1821,30,0,0,0,0,0,0,0,21,0,0,0,0,0,0,0,0,0,0,0,0,0,0,0,2,0,0,0,0,0,0,0,0,0,0,0,15,0,0,0,0,0,0,0,0,0,0,0,0,0,0,0,0,0,0,0,0,0,0,0,0,0,0,0,0,0,0,0,0,0
Head Space,10,0,0,10,0,0,0,0,0,0,50,0,0,50,0,0,0,100,50,0,0,0,0,30,1,20,0,0,0,0,0,0,30,0,0,0,70,0,0,20,3,0,10,0,0,0,0,0,0,0,0,0,0,0,0,0,0,0,0,0,0,0,0,0,0,0,0,0,0,0
Black Head Space,5,0,0,5,0,0,0,0,0,0,20,5,0,30,0,0,0,70,50,0,0,0,0,30,1,30,0,0,0,0,0,10,10,0,0,0,0,70,0,0,3,0,0,0,0,0,0,0,0,0,0,0,0,0,0,0,0,0,0,0,0,0,0,0,0,0,0,0,0,0
White Head Space,10,0,0,0,0,0,0,0,0,0,0,0,0,0,0,0,0,50,0,40,0,0,0,20,1,0,0,0,0,0,0,0,10,0,40,0,0,0,0,0,3,0,10,0,0,0,0,0,0,0,0,0,0,0,0,0,0,0,0,0,0,0,0,0,0,0,0,0,0,0
Basket Case,80,0,0,5,0,0,0,30,60,0,0,20,0,70,0,30,0,0,0,0,0,0,20,0,1,0,0,0,30,0,0,0,0,0,0,0,0,70,0,30,3,0,0,0,0,0,0,0,0,0,0,0,0,0,0,0,0,0,0,0,"[5, 5, 5]",0,0,0,0,0,0,0,0,0
Chestnut Cushion,10,0,0,5,0,0,0,0,0,0,0,0,0,30,70,0,0,30,5,0,0,0,0,0,1,30,0,0,0,0,30,5,20,0,0,0,0,0,0,0,3,0,0,0,0,0,0,0,0,0,0,0,0,0,0,0,0,0,0,0,0,0,0,0,0,0,0,0,0,0
Plum Coccoon,30,0,0,0,0,0,0,0,0,0,30,0,0,50,0,0,0,0,0,20,0,15,0,0,1,0,0,0,0,0,0,0,20,0,0,0,50,0,0,0,3,0,15,5,0,0,0,0,0,0,0,0,0,0,0,0,0,0,0,0,0,0,0,0,0,0,0,0,0,0
Orange Coccoon,20,0,0,0,0,0,0,20,0,0,0,0,0,20,0,0,0,0,0,0,0,15,0,10,1,20,0,10,0,0,0,0,40,0,0,0,0,0,0,0,3,25,15,5,0,0,0,0,0,0,0,0,0,0,0,0,0,0,0,0,0,0,0,0,0,0,0,0,0,0
Melon Coccoon,0,0,0,0,0,40,0,0,15,0,0,0,0,20,0,0,0,0,0,0,0,15,0,0,1,0,0,0,0,40,0,0,20,0,0,0,20,0,0,0,3,0,15,5,0,0,0,0,0,0,0,0,0,0,0,0,0,0,0,0,0,0,0,0,0,0,0,0,0,0
Berry Coccoon,0,0,0,5,0,0,0,0,0,0,50,0,0,20,0,0,0,0,0,0,0,15,0,0,1,20,0,0,0,0,0,0,20,0,0,0,0,0,0,0,3,0,15,5,0,0,0,0,0,0,0,0,0,0,0,0,0,0,0,0,0,0,0,0,0,0,0,0,0,0
Strawberry Cocoon,30,0,0,0,0,0,0,0,0,0,0,0,0,10,0,0,0,5,0,30,0,0,20,0,3,0,0,0,0,0,30,0,0,0,0,0,0,0,0,0,3,50,15,20,0,0,0,0,0,0,0,0,0,0,0,0,0,0,0,0,0,0,0,0,0,0,0,0,0,0
Egg Bed (White),30,0,0,0,0,0,0,0,0,0,0,0,0,50,0,10,0,0,0,0,0,10,0,0,1,0,0,0,0,0,30,0,0,0,10,30,0,0,0,0,3,0,15,0,0,0,0,0,0,0,0,0,0,0,0,0,0,0,0,0,0,0,0,0,0,0,0,0,0,0
Egg Bed (Black),0,30,0,0,0,0,0,0,0,0,0,0,0,70,0,0,0,0,0,0,0,10,0,0,1,40,0,0,0,0,10,0,0,0,0,0,0,0,0,0,3,40,15,0,0,0,0,0,0,0,0,0,0,0,0,0,0,0,0,0,0,0,0,0,0,0,0,0,0,0
Egg Bed (Pink),30,0,0,10,0,0,0,0,0,0,0,20,0,50,0,0,0,0,0,80,0,10,0,0,1,30,0,0,0,0,10,0,40,0,0,0,0,0,0,0,3,0,15,0,0,0,0,0,0,0,0,0,0,0,0,0,0,0,0,0,0,0,0,0,0,0,0,0,0,0
Egg Bed (Nightview) (inside),20,15,0,0,0,0,0,0,0,0,0,0,0,100,0,0,10,0,5,0,0,10,0,0,1,0,0,0,0,0,0,0,40,0,0,0,0,0,0,0,3,30,15,0,0,0,0,0,0,0,0,0,0,0,0,0,0,0,0,0,0,0,0,0,0,0,0,0,0,0
Egg Bed (Nightview) (top),0,0,0,0,0,0,0,0,0,0,0,0,0,0,0,0,0,0,0,0,0,0,0,0,0,0,0,0,0,0,0,0,0,0,0,0,0,0,0,0,0,0,0,0,0,0,0,0,0,0,0,0,0,0,0,0,0,0,0,0,0,0,0,0,0,"[10, 3, 5]",0,0,0,0
Zanzibar Cushion,0,0,0,5,0,0,0,0,0,0,30,0,0,150,0,0,30,0,0,0,30,0,0,0,1,0,0,0,0,0,0,0,10,0,0,0,0,0,0,0,3,0,0,0,0,0,70,0,0,0,0,0,0,0,0,0,0,0,0,0,0,0,0,0,0,0,0,0,0,0
Bean Bag,0,0,10,0,0,0,50,0,50,0,0,50,30,50,0,0,0,0,0,0,50,0,0,0,1,0,0,0,0,0,0,0,0,0,0,40,30,0,10,0,3,0,0,0,0,0,0,0,0,0,0,0,0,0,0,0,0,0,0,0,0,0,0,0,0,0,0,0,0,0
Giant Cushion (left),30,5,15,0,0,5,20,20,30,0,0,0,0,0,0,0,20,0,0,20,0,0,0,0,1,0,0,30,0,0,0,0,0,0,0,0,0,100,0,0,3,20,10,0,0,0,0,0,0,0,0,0,0,0,0,0,0,0,0,0,0,0,0,0,0,0,0,0,0,0
Giant Cushion (right),5,30,15,20,0,5,0,30,20,0,0,0,0,0,0,20,0,20,0,20,0,0,0,0,1,0,0,30,0,0,0,0,0,0,0,30,100,0,0,0,3,20,10,0,0,0,0,0,0,0,0,0,"[12, 0, 10]",0,0,0,0,0,0,0,0,0,0,0,0,0,0,0,0,0
Giant Cushion (White),5,30,15,0,0,5,0,30,20,0,20,0,0,0,0,0,20,0,0,30,0,10,0,0,1,0,0,35,15,0,0,0,0,0,0,30,0,70,0,0,3,15,10,0,0,0,0,0,0,0,0,0,0,0,0,0,0,0,0,0,0,0,0,0,0,0,0,0,0,0
Giant Cushion (White),30,5,15,20,0,5,20,20,30,0,0,0,0,0,0,20,0,5,0,30,0,10,0,0,1,0,0,35,0,0,15,0,0,0,0,5,70,0,0,0,3,15,10,0,0,0,0,0,0,0,0,0,"[12, 0, 10]",0,0,0,0,0,0,0,0,0,0,0,0,0,0,0,0,0
Hammock (Yellow),20,0,30,0,0,10,0,30,40,0,0,0,10,0,0,0,0,0,0,0,0,15,0,0,1,0,0,0,0,0,15,0,0,20,0,0,30,0,0,40,3,0,15,0,0,0,0,0,0,0,0,0,0,0,0,0,0,0,0,0,0,0,0,0,0,0,0,0,0,0
Hammock (Pink),10,20,0,0,50,0,0,30,40,50,0,0,0,0,0,30,0,0,0,0,0,15,10,0,1,0,0,0,0,0,15,0,0,20,0,0,30,0,0,0,3,0,15,0,0,0,0,0,0,0,0,0,0,0,0,0,0,0,0,0,0,0,0,0,0,0,0,0,0,0
Hammock (Woven),10,5,0,5,0,0,0,50,50,60,0,0,30,0,0,0,0,0,20,0,0,15,30,0,5,0,0,0,0,30,20,0,0,20,0,0,30,0,0,0,3,0,15,0,0,0,0,0,0,0,0,0,0,0,0,0,0,0,0,0,0,0,0,0,0,0,0,0,0,0
Luxurious Hammock,10,10,30,50,0,0,0,30,40,0,0,0,10,0,0,0,0,0,0,30,0,15,0,0,1,0,0,0,0,0,30,0,0,20,0,0,70,0,0,0,3,0,15,0,0,0,0,0,0,0,0,0,0,0,"[100, 0, 0]",0,0,0,0,0,0,0,0,0,0,0,0,0,0,0
2050,20,13,19,0,25,5,0,45,60,25,0,0,5,0,0,18,0,0,0,0,0,15,5,0,1,0,0,0,0,0,15,0,0,20,0,0,60,0,0,20,3,0,15,0,0,0,0,0,0,0,0,0,0,0,0,0,0,0,0,0,0,0,0,0,0,0,0,0,0,0
2060,10,10,20,0,20,5,0,45,60,25,0,15,0,0,0,18,0,0,0,0,30,20,0,0,1,0,0,0,10,0,10,0,0,20,0,0,60,0,0,25,0,0,15,0,0,0,0,0,0,0,0,0,0,0,0,0,0,0,0,0,0,0,0,0,0,0,0,0,0,0
Antique Chair (left),20,0,0,0,0,0,10,0,30,0,0,0,0,40,0,0,20,0,0,20,0,0,0,0,1,0,0,30,0,0,10,0,0,0,0,0,0,60,0,0,3,0,0,0,0,0,0,0,0,0,0,0,0,0,0,0,0,0,0,0,0,0,0,0,0,0,0,0,0,0
Antique Chair (right),0,20,0,0,0,30,0,0,20,0,0,0,0,50,0,20,0,20,0,0,0,0,0,0,1,0,0,30,0,0,5,0,0,0,0,0,60,0,0,15,3,0,0,0,0,0,0,0,0,0,0,0,0,0,0,0,0,0,0,0,0,0,0,0,0,0,0,0,0,0
Tent (Nature),0,0,20,0,0,0,0,0,0,30,0,0,20,0,0,10,0,0,15,0,0,10,0,20,1,0,0,0,0,0,0,10,0,10,0,0,0,30,0,20,3,0,15,0,0,0,0,0,0,0,0,0,0,0,0,0,0,0,0,0,0,0,0,0,0,0,0,0,0,0
Tent (Modern Red),20,0,20,0,0,0,0,0,0,30,0,0,20,0,0,10,0,0,0,0,0,10,0,20,1,0,0,0,0,0,0,10,0,10,0,0,0,30,0,0,3,0,15,0,0,0,0,0,0,0,0,0,0,0,0,0,0,0,0,0,0,0,0,0,0,0,0,0,0,0
Tent (Blizzard),0,20,0,0,0,30,0,0,0,0,0,0,0,30,0,0,0,0,0,0,0,10,0,20,1,0,30,0,0,30,0,10,0,30,0,0,0,20,0,0,3,0,15,0,0,0,0,0,0,0,0,0,0,0,0,0,0,0,0,0,"[5, 5, 5]",0,0,0,0,0,0,0,0,0
Tent (Pyramid),0,0,0,30,0,0,0,0,0,0,0,0,60,0,0,0,0,0,15,0,0,10,0,0,1,0,0,0,0,0,0,10,0,50,0,0,0,20,0,0,3,0,15,0,0,0,0,0,0,0,0,0,0,0,0,0,0,"[100, 0, 0]",0,0,0,0,0,0,0,0,0,0,0,0
Mushroom House (inside),30,0,0,0,0,0,0,0,0,0,0,0,0,0,20,0,0,0,0,0,0,0,0,30,1,0,0,0,0,0,0,20,40,0,0,0,0,0,0,0,3,0,15,0,0,0,0,0,0,0,0,0,0,0,0,0,0,0,0,0,0,0,0,0,0,0,0,0,0,0
Mushroom House (top),0,0,10,0,0,0,0,30,60,40,0,0,10,0,0,0,0,0,0,0,0,10,0,0,1,0,0,0,0,0,20,0,0,0,0,0,0,0,0,0,3,0,15,10,0,0,0,0,0,0,0,0,0,0,0,0,0,0,0,0,0,0,0,0,0,0,0,0,0,0
Shiitake House (inside),40,0,0,0,0,0,0,0,0,0,0,0,0,0,20,0,0,0,0,0,0,0,0,0,1,15,0,0,0,0,0,20,30,0,0,0,0,0,0,0,3,0,15,0,0,0,0,0,0,0,0,0,0,0,0,0,0,0,0,0,0,0,0,0,0,0,0,0,0,0
Shiitake House (top),0,0,0,40,0,0,0,30,50,0,0,0,0,0,0,40,0,0,0,0,0,10,0,0,1,0,0,0,0,0,0,0,0,0,0,0,0,0,0,0,3,0,15,10,0,0,0,0,0,0,0,0,0,0,0,0,0,0,0,0,0,0,0,0,0,0,0,0,0,0
Bamboo Rocket,30,10,0,0,0,0,0,0,0,0,0,0,0,45,0,0,10,50,10,40,0,5,0,20,1,0,0,0,0,0,0,0,50,0,40,0,0,0,0,0,3,30,0,20,0,0,0,0,0,0,0,0,0,0,0,0,0,0,0,0,0,0,0,0,0,0,0,0,0,0
Warm Sock,20,10,0,0,0,0,30,20,50,0,0,0,0,0,0,20,0,0,50,0,0,0,0,0,1,0,0,3,0,0,0,0,50,0,0,0,0,40,0,0,3,0,15,0,0,0,0,0,0,0,0,0,0,0,0,0,0,0,0,0,0,0,0,0,0,0,0,0,0,0
Pom-pom Sock,20,10,0,100,0,0,0,20,0,0,0,0,0,30,0,20,30,0,0,0,0,0,0,0,1,0,0,3,0,20,0,30,40,0,0,10,0,50,0,0,3,15,15,0,0,0,0,0,0,0,0,0,0,0,0,0,0,0,0,0,0,0,0,0,0,0,0,0,0,0
Colorful Sock,15,10,0,0,0,0,0,0,0,0,0,0,0,20,0,20,30,0,15,0,0,0,0,0,1,0,0,3,0,0,0,30,0,0,0,0,0,50,0,0,3,0,0,0,0,0,0,0,0,0,0,0,0,0,0,0,0,0,0,0,0,0,0,0,0,0,0,0,0,0
Arabesque Blanket,40,40,20,30,0,0,0,80,70,5,0,0,0,0,20,20,0,0,0,0,0,15,0,10,1,0,0,15,0,0,0,0,10,0,0,0,0,50,15,0,3,0,15,0,0,0,0,0,0,0,0,0,0,0,0,0,0,0,0,0,0,0,0,0,0,0,0,0,0,0
Cozy Blanket (Red),40,40,0,0,0,0,0,50,70,0,0,20,0,0,20,20,0,0,0,20,0,15,0,0,1,0,0,15,0,0,0,0,10,0,0,0,100,0,30,0,3,20,15,0,0,0,0,0,0,0,0,0,0,0,0,0,0,0,0,0,0,0,0,0,0,0,0,0,0,0
Cozy Blanket (Yellow),30,0,0,0,0,0,0,50,70,0,0,20,0,0,20,20,0,0,0,0,0,15,0,0,1,0,0,15,0,0,0,0,10,0,0,0,0,0,20,0,3,0,15,0,0,0,0,0,0,0,0,0,0,0,0,0,0,0,0,0,0,0,0,0,0,0,0,0,0,0
Paper Umbrella (left),20,0,0,0,0,0,0,0,0,0,0,0,0,0,0,10,0,0,0,0,0,5,0,0,1,0,0,0,20,0,0,0,0,0,0,0,0,0,0,0,3,0,0,0,0,0,0,0,0,0,0,0,0,0,0,0,0,0,0,0,0,0,0,0,0,0,0,0,0,0
Paper Umbrella (right),0,20,0,0,0,0,0,20,0,0,0,0,0,25,0,10,0,0,0,15,0,5,0,0,1,0,0,0,0,0,0,0,0,0,0,0,0,0,0,0,3,0,0,0,0,0,0,0,0,0,0,0,0,0,0,0,0,0,0,0,0,0,0,0,0,0,0,0,0,0
Paper Umbrella (top),0,0,0,30,0,0,0,0,0,0,0,0,0,0,0,10,0,0,0,0,0,5,0,0,1,0,0,0,0,0,0,0,0,50,0,0,0,0,10,0,3,0,0,0,0,0,0,0,0,0,0,0,0,0,0,0,0,0,0,0,"[5, 5, 5]",0,0,0,0,0,0,0,0,0
Beach Umbrella (left),0,0,0,0,0,0,25,0,0,0,0,0,0,0,10,0,0,0,0,0,0,5,0,0,1,0,0,0,20,0,0,0,0,0,0,0,0,0,0,0,3,0,0,0,0,0,0,0,0,0,0,0,0,0,0,0,0,0,0,0,0,0,0,0,0,0,0,0,0,0
Beach Umbrella (right),0,20,0,0,0,0,0,0,0,0,0,0,0,0,0,0,0,0,0,15,0,5,30,0,1,0,0,20,0,0,0,0,0,0,0,0,0,0,0,0,3,0,0,0,0,0,0,0,0,0,0,0,0,0,0,0,0,0,0,0,0,0,0,0,0,0,0,0,0,0
Beach Umbrella (top),0,0,0,0,0,0,0,0,0,0,25,0,0,0,0,0,0,0,0,0,0,5,0,0,1,0,0,20,0,0,0,0,0,50,0,0,0,0,0,0,3,0,0,0,0,0,0,0,0,0,0,0,0,0,0,0,0,0,0,0,0,0,0,0,0,0,0,0,0,0
Fairy-tale Parasol (top),0,0,0,0,0,0,0,0,0,0,0,0,0,0,0,0,0,0,0,0,20,5,0,0,1,0,15,0,0,0,0,10,0,50,0,0,0,0,0,0,3,0,0,20,0,0,0,0,0,0,0,0,0,0,0,0,0,0,0,0,0,0,0,0,0,0,0,0,0,0
Fairy-tale Parasol (left),30,0,0,0,0,0,0,0,0,0,0,0,0,0,0,0,0,0,0,0,0,5,30,0,1,0,0,0,20,0,0,0,10,0,0,0,0,0,0,0,3,20,0,0,0,0,0,0,0,0,0,0,0,0,0,0,0,0,0,0,0,0,0,0,0,0,0,0,0,0
Fairy-tale Parasol (right),0,20,0,0,0,0,0,0,0,0,0,0,0,25,0,0,0,0,0,20,0,5,0,0,1,0,0,20,0,0,0,0,0,0,0,0,0,0,0,0,3,20,0,0,0,0,0,0,0,0,0,0,0,0,0,0,0,0,0,0,0,0,0,0,0,0,0,0,0,0
Fairy-tale Parasol (Saph/Jeeves only),0,0,0,0,0,0,0,0,0,0,0,0,0,0,0,0,0,0,0,0,0,0,0,0,0,0,0,0,0,0,0,0,0,0,0,0,0,0,0,0,0,0,0,0,0,0,0,0,0,0,0,0,0,0,0,0,0,0,0,0,0,"[20, 0, 0]",0,0,0,0,0,0,0,0
Two-tier Cat Tree (bottom),5,0,0,0,0,0,0,30,30,0,20,0,0,0,20,20,0,50,0,0,0,0,0,0,1,20,0,10,0,30,0,0,0,0,0,0,0,50,0,20,3,0,0,0,0,0,0,0,0,0,0,0,0,0,0,0,0,0,0,0,0,0,0,0,0,0,0,0,0,0
Two-tier Cat Tree (top),0,10,5,20,50,40,0,0,0,30,0,0,0,0,0,0,0,0,0,0,20,0,20,0,1,0,10,15,0,0,0,10,0,0,0,0,50,0,0,70,3,0,0,0,0,0,0,0,0,0,0,0,0,0,0,0,0,0,0,0,0,0,0,0,0,0,0,0,0,0
Three-tier Cat Tree (bottom),0,5,15,0,100,50,0,0,0,70,0,50,100,0,0,0,0,0,0,0,0,0,0,0,1,20,0,20,0,0,0,0,0,0,0,0,0,0,0,10,3,0,0,0,0,0,0,0,0,0,0,0,0,0,0,0,0,0,0,0,0,0,0,0,0,0,0,0,0,0
Three-tier Cat Tree (middle),0,0,10,0,70,0,0,0,0,70,0,0,120,0,0,0,0,0,0,0,0,0,0,0,1,0,0,10,0,0,0,10,0,0,0,0,0,50,0,20,3,0,0,0,0,0,0,0,0,0,0,0,0,0,0,0,0,0,0,0,0,0,0,0,0,0,0,0,0,0
Three-tier Cat Tree (top),0,0,0,0,50,0,50,0,0,30,0,0,150,0,0,0,0,0,0,0,20,0,0,0,1,0,10,10,0,0,0,10,0,50,0,0,50,0,0,0,3,0,0,10,0,0,0,0,0,0,0,0,0,0,0,0,0,0,0,0,0,0,0,0,0,0,0,0,0,0
Cat Condo Complex (bottom left),5,0,0,0,0,0,0,30,30,0,20,0,0,0,20,20,0,50,0,0,0,0,0,0,1,20,0,10,0,0,0,0,10,0,0,0,0,0,0,10,3,0,0,0,0,0,0,0,0,0,0,0,0,0,0,0,0,0,0,0,0,0,0,0,0,0,0,0,0,0
Cat Condo Complex (center left),0,10,5,20,50,40,0,0,0,30,0,0,0,0,0,0,0,0,0,0,0,0,0,0,1,0,0,10,0,0,0,10,0,0,0,0,0,0,0,50,3,0,0,0,0,0,0,0,0,0,0,0,0,0,0,0,0,0,0,0,0,0,0,0,0,0,0,0,0,0
Cat Condo Complex (top left),0,5,15,0,100,50,0,0,0,70,0,50,100,0,0,0,0,0,0,0,20,0,0,0,1,0,10,10,0,0,0,5,0,80,0,0,60,0,0,0,3,0,0,10,0,0,0,0,0,0,0,0,0,0,0,0,0,0,0,0,0,0,0,0,0,0,0,0,0,0
Cat Condo Complex (right hole),0,0,10,0,70,0,0,0,0,70,0,0,120,0,0,0,0,0,0,0,0,0,0,30,1,0,0,10,0,0,0,15,0,0,0,0,0,0,0,70,3,0,0,0,0,0,0,0,0,0,0,0,0,0,0,0,0,0,0,0,0,0,0,0,0,0,0,0,0,0
Cat Condo Complex (top right),0,0,10,0,70,0,0,0,0,70,0,0,120,0,0,0,0,0,0,20,0,0,0,0,1,0,0,10,0,0,0,0,0,0,0,0,0,80,0,0,3,0,0,0,0,0,0,0,0,0,0,0,0,0,0,0,0,0,0,0,0,0,0,0,0,0,0,0,0,0
Cat Metropolis (bottom left),0,0,0,0,50,0,50,0,0,30,0,0,150,0,0,0,0,0,0,0,0,0,0,0,1,0,0,10,0,0,0,0,10,0,0,0,0,0,0,20,3,0,0,0,0,0,0,0,0,0,0,0,0,0,0,0,0,0,0,0,0,0,0,0,0,0,0,0,0,0
Cat Metropolis (left middle),5,0,0,0,0,0,0,30,30,0,20,0,0,0,20,20,0,50,0,0,0,0,0,0,1,0,0,10,0,0,0,0,0,0,0,0,0,0,0,60,3,0,0,0,0,0,0,0,0,0,0,0,0,0,0,0,0,0,0,0,0,0,0,0,0,0,0,0,0,0
Cat Metropolis (left hole),0,10,5,20,50,40,0,0,0,30,0,0,0,0,0,0,0,0,0,0,20,0,0,0,1,0,15,10,0,0,0,10,0,50,0,0,50,0,0,0,3,0,0,20,0,0,0,0,0,0,0,0,0,0,0,0,0,0,0,0,0,0,0,0,0,0,0,0,0,0
Cat Metropolis (top),0,5,15,0,100,50,0,0,0,70,0,50,100,0,0,0,0,0,0,20,0,0,0,20,1,0,0,10,0,0,0,15,0,80,5,0,0,50,0,0,3,0,0,0,0,0,0,0,0,0,"[100, 99, 99]",0,0,0,0,0,0,0,0,0,0,0,0,0,0,0,0,0,0,0
Cat Metropolis (right hole),0,0,10,0,70,0,0,0,0,70,0,0,120,0,0,0,0,0,0,20,0,0,0,20,1,0,0,10,0,0,0,10,0,0,0,0,0,0,0,70,3,0,0,0,0,0,0,0,0,0,0,0,0,0,0,0,0,0,0,0,0,0,0,0,0,0,0,0,0,0
Cat Metropolis (top right),0,0,0,0,50,0,50,0,0,30,0,0,150,0,0,0,0,0,0,0,0,0,0,0,1,0,0,10,0,0,0,0,0,0,0,0,0,0,0,0,3,0,0,0,0,0,0,0,0,0,0,0,0,0,0,0,0,0,0,0,0,0,0,0,0,0,0,0,0,0
Athletic Cat-Gym (bottom left),0,0,0,0,0,0,0,0,0,0,0,0,20,0,0,10,0,0,0,0,0,15,0,10,1,0,0,15,0,0,0,0,0,0,0,0,0,30,0,20,3,0,0,0,0,0,0,0,0,0,0,0,0,0,0,0,0,0,0,0,0,0,0,0,0,0,0,0,0,0
Athletic Cat-Gym (bottom right),0,0,0,20,0,0,0,0,0,0,0,0,0,0,0,10,0,0,0,0,0,15,0,0,1,0,0,15,0,30,0,15,0,0,0,0,0,20,0,20,3,0,0,0,0,0,0,0,0,0,0,0,0,0,0,0,0,0,0,0,0,0,0,0,0,0,0,0,0,0
Athletic Cat-Gym (2nd from top),0,0,0,0,0,0,50,0,0,0,0,0,0,0,0,0,0,0,0,20,0,0,0,20,1,0,0,15,0,0,0,10,0,0,0,0,0,50,20,70,3,20,0,0,0,0,0,0,0,0,0,0,0,0,0,0,0,0,0,0,0,0,0,0,0,0,0,0,0,0
Athletic Cat-Gym (top),0,10,10,0,50,30,0,0,0,50,0,0,100,0,0,0,0,0,0,0,20,0,0,0,1,0,10,15,0,0,0,10,0,50,0,0,50,0,0,0,3,0,0,20,0,0,0,0,0,0,0,0,0,0,0,0,0,0,0,0,0,0,0,0,0,0,0,0,0,0
Art Deco Cat Tree (bottom),0,20,0,0,0,30,0,0,0,0,20,0,0,0,0,0,30,0,0,0,0,5,0,0,1,0,5,0,0,30,30,0,0,0,0,0,0,0,0,0,3,0,0,0,0,0,0,0,0,0,0,0,0,0,0,0,0,0,0,0,0,0,0,0,0,0,0,0,0,0
Art Deco Cat Tree (2nd from bottom),0,20,0,20,0,0,0,0,0,0,20,0,0,50,0,0,0,0,0,0,0,0,0,0,1,0,10,20,0,0,15,0,0,0,0,0,0,0,0,0,3,0,0,0,0,0,0,0,0,0,0,0,0,0,0,0,0,0,0,0,0,0,0,0,0,0,0,0,0,0
Art Deco Cat Tree (2nd from top),20,0,0,20,0,30,0,0,0,0,20,0,0,50,0,0,0,0,0,0,0,0,0,0,1,0,10,20,0,0,0,0,0,0,0,0,0,0,0,0,3,0,0,0,0,0,0,0,0,0,0,0,0,0,0,0,0,0,0,0,0,0,0,0,0,0,0,0,0,0
Art Deco Cat Tree (top),0,20,0,0,0,0,0,0,0,0,0,0,20,50,0,0,0,0,0,0,30,5,0,0,1,0,5,0,20,0,0,15,0,60,0,0,0,0,0,0,3,0,0,0,0,0,0,0,0,0,0,0,0,0,0,0,0,0,0,0,0,0,0,0,0,0,0,0,0,0
Tower of Treats (bottom left),10,0,10,0,30,0,0,20,15,0,20,0,100,0,100,15,0,30,0,0,0,5,0,0,1,15,0,0,0,20,40,0,10,0,0,0,0,0,0,10,3,10,0,0,0,0,0,0,0,0,0,0,0,0,0,0,0,0,0,0,0,0,0,0,0,0,0,0,0,0
Tower of Treats (bottom right),0,20,5,20,60,0,0,0,0,20,0,0,120,0,0,0,0,0,0,0,0,5,10,0,1,0,0,10,0,0,0,10,0,0,0,0,0,0,0,20,3,10,0,0,0,0,0,0,0,0,0,0,0,0,0,0,0,0,0,0,0,0,0,0,0,0,0,0,0,0
Tower of Treats (bottom center),0,0,0,20,0,30,0,0,0,0,20,0,0,50,150,0,0,0,0,0,0,5,0,0,1,0,10,20,0,0,0,0,0,0,0,0,0,0,0,0,3,10,0,0,0,0,0,0,0,0,0,0,0,0,0,0,0,0,0,0,0,0,0,0,0,0,0,0,0,0
Tower of Treats (top left),0,20,0,0,0,0,0,0,0,0,0,0,20,50,120,0,0,0,0,0,30,5,0,0,1,0,5,0,20,0,0,0,0,0,0,0,0,0,0,0,3,10,0,0,0,0,0,0,0,0,0,0,0,0,0,0,0,0,0,0,0,0,0,0,0,0,0,0,0,0
Tower of Treats (top right),0,10,0,0,50,40,0,0,0,30,0,0,150,50,100,0,0,0,0,0,20,5,0,0,1,0,10,0,0,0,0,5,1,80,0,0,0,0,0,0,3,10,0,0,0,0,0,0,0,0,0,0,0,0,0,0,0,0,0,0,0,0,0,0,0,0,0,0,0,0
Tower of Treats (Saph/Jeeves only),0,0,0,0,0,0,0,0,0,0,0,0,0,0,0,0,0,0,0,0,0,0,0,0,0,0,0,0,0,0,0,0,0,0,0,0,0,0,0,0,0,0,0,0,0,0,0,0,0,0,0,0,0,0,0,0,0,0,0,0,0,20,0,0,0,0,0,0,0,0
Bureau with Pot (top spot?),0,10,0,0,50,40,0,0,0,30,0,0,150,50,0,0,0,0,0,0,20,0,0,0,1,0,10,0,0,0,0,10,0,50,0,0,0,0,0,0,3,0,0,0,0,0,0,0,0,0,0,0,0,0,0,0,0,0,0,0,0,0,0,0,0,0,0,0,0,0
Bureau with Pot (middle shelf),0,5,0,30,0,0,30,0,0,0,0,0,0,5,0,0,0,30,30,0,0,0,15,5,1,0,0,0,0,0,0,0,0,0,0,0,0,0,0,0,3,0,0,0,0,0,0,0,0,0,0,0,0,0,0,0,0,0,0,0,0,0,0,0,0,0,0,0,0,0
Bureau with Pot (bottom shelf),0,5,0,20,0,0,20,0,0,0,0,0,0,5,0,0,0,20,20,0,0,0,5,5,1,0,0,0,0,0,0,0,0,0,0,0,0,0,0,20,3,0,0,0,0,0,0,0,0,0,0,0,0,0,0,0,0,0,0,0,"[5, 5, 5]",0,0,0,0,0,0,0,0,0
Bureau with Pot (left pot),0,0,10,0,100,0,0,0,0,70,0,0,120,0,0,0,0,0,0,20,0,0,0,20,1,0,0,10,0,0,0,0,0,0,0,0,0,0,100,0,3,0,0,0,0,0,0,0,0,0,0,0,0,0,0,0,0,0,0,0,0,0,0,0,0,0,0,0,0,0
Bureau with Pot (right pot),0,0,10,0,70,0,0,0,0,70,0,0,100,0,0,0,0,0,0,15,0,0,0,30,1,0,0,10,0,0,0,30,0,0,0,0,0,0,0,0,3,0,0,0,0,0,0,0,0,0,0,0,0,0,0,0,0,0,0,0,0,0,0,0,0,0,0,0,0,0
Tunnel (I Piece) (front),2,5,30,0,0,0,40,0,0,20,0,0,80,0,0,0,0,0,60,0,0,10,30,0,1,15,0,15,0,0,0,0,0,0,0,0,0,80,0,0,3,0,0,0,0,0,0,0,0,0,0,0,0,0,0,0,0,0,0,0,0,0,0,0,0,0,0,0,0,0
Tunnel (I Piece) (back),5,0,150,0,60,0,0,0,0,20,0,0,80,0,0,0,0,100,0,0,0,10,0,30,1,15,0,15,0,0,0,0,0,0,0,0,80,0,0,0,3,0,0,0,0,0,0,0,0,0,0,0,0,0,0,0,0,0,0,0,0,0,0,0,0,0,0,0,0,0
Tunnel (U Piece) (left),2,0,70,0,60,0,0,0,0,20,0,0,80,0,0,0,0,100,0,0,0,10,0,0,1,15,0,15,0,0,0,0,0,0,0,0,0,50,0,30,3,0,0,0,0,0,0,0,0,0,0,0,0,0,0,0,0,0,0,0,0,0,0,0,0,0,0,0,0,0
Tunnel (U Piece) (right),2,0,70,10,60,40,0,0,0,20,0,0,80,0,0,0,0,100,30,0,0,10,30,0,1,15,0,15,0,0,0,0,0,0,0,0,50,0,0,0,3,0,0,0,0,0,0,0,0,0,0,0,0,0,0,0,0,0,0,0,0,0,0,0,0,0,0,0,0,0
Tunnel (T Piece) (front),2,2,30,0,0,0,40,0,0,20,0,0,80,0,0,0,0,0,0,0,0,10,0,0,1,10,0,12,0,0,0,0,0,0,0,0,0,0,0,0,3,0,0,0,0,0,0,0,0,0,0,0,0,0,0,0,0,0,0,0,0,0,0,0,0,0,0,0,0,0
Tunnel (T Piece) (left or right),0,2,120,0,100,0,40,0,0,60,0,80,160,0,0,0,0,0,0,0,0,10,0,0,1,10,0,12,0,0,0,0,0,0,0,0,0,0,0,0,3,0,0,0,0,0,0,0,0,0,0,0,0,0,0,0,0,0,0,0,0,0,0,0,0,0,0,0,0,0
Tunnel (T Piece) (left or right),0,2,120,0,100,0,40,0,0,60,0,80,160,0,0,0,0,0,0,0,0,10,0,0,1,10,0,12,0,0,0,0,0,0,0,0,0,0,0,0,3,0,0,0,0,0,0,0,0,0,0,0,0,0,0,0,0,0,0,0,0,0,0,0,0,0,0,0,0,0
Tunnel (3D Piece) (front),2,0,70,10,60,40,0,0,0,20,0,0,80,0,0,0,0,100,0,0,0,10,0,0,1,5,0,10,0,0,0,0,0,0,0,0,0,0,0,0,3,0,0,0,0,0,0,0,0,0,0,0,0,0,0,0,0,0,0,0,0,0,0,0,0,0,0,0,0,0
Tunnel (3D Piece) (left),2,2,30,0,0,0,40,0,0,20,0,0,80,0,0,0,0,0,0,0,0,10,30,0,1,5,0,10,0,0,0,0,0,0,0,0,0,0,0,0,3,0,0,0,0,0,0,0,0,0,0,0,0,0,0,0,0,0,0,0,0,0,0,0,0,0,0,0,0,0
Tunnel (3D Piece) (right),0,2,120,0,100,0,40,0,0,60,0,80,160,0,0,0,0,0,0,0,0,10,0,50,1,10,0,10,0,0,0,0,0,0,0,0,0,0,0,0,3,0,0,0,0,0,0,0,0,0,0,0,0,0,0,0,0,0,0,0,0,0,0,0,0,0,0,0,0,0
Tunnel (3D Piece) (top),0,2,120,0,100,0,40,0,0,60,0,80,160,0,0,0,0,0,0,0,0,10,0,0,1,5,20,10,0,0,0,0,0,0,0,0,0,0,0,30,3,0,0,20,0,0,0,0,0,0,0,0,0,0,0,0,0,0,0,0,0,0,0,0,0,0,0,0,0,0
Carp Tunnel (front),1,5,70,0,100,0,0,0,0,10,0,0,0,5,50,0,0,0,0,0,0,10,0,0,1,0,0,0,0,0,15,0,0,0,0,0,0,0,0,20,3,0,0,0,0,0,0,0,0,0,0,0,0,0,0,0,0,0,0,0,0,0,0,0,0,0,0,0,0,0
Carp Tunnel (back),1,5,70,0,100,0,0,0,0,10,0,0,0,5,50,0,0,0,0,0,0,10,0,20,1,0,0,0,0,0,15,0,0,0,0,0,0,0,0,0,3,0,0,0,0,0,0,0,0,0,0,0,0,0,0,0,0,0,0,0,0,0,0,0,0,0,0,0,0,0
Fish-stick Tunnel (front),0,0,80,0,0,0,20,5,0,0,0,0,0,0,50,0,0,0,0,0,0,10,30,0,2,0,0,0,0,0,15,0,0,0,0,0,0,0,0,0,3,0,0,10,0,0,0,0,0,0,0,0,0,0,0,0,0,0,0,0,0,0,0,0,0,0,0,0,0,0
Fish-stick Tunnel (back),0,0,80,0,0,0,20,5,0,0,0,0,0,0,50,0,0,50,0,0,0,10,30,20,2,0,0,0,0,0,15,0,0,0,0,0,0,0,0,0,3,0,0,10,0,0,0,0,0,0,0,0,0,0,0,0,0,0,0,0,0,0,0,0,0,0,0,0,0,0
Cow Tunnel (left),3,3,60,20,0,5,0,0,10,0,0,0,0,0,0,5,0,0,0,0,0,10,0,0,1,0,0,50,0,0,15,0,0,0,0,0,0,0,0,0,3,15,0,0,0,0,0,0,0,0,0,0,0,0,0,0,0,0,0,0,0,0,0,0,0,0,0,0,0,0
Cow Tunnel (right),3,3,60,20,0,0,0,0,10,0,0,0,0,0,0,5,0,0,0,0,0,10,0,0,1,0,0,0,0,0,15,0,0,0,0,10,0,0,0,0,3,15,0,0,0,0,0,0,0,0,0,0,0,0,0,0,0,0,0,0,0,0,0,0,0,0,0,0,0,0
Doughnut Tunnel (left),0,3,70,20,0,0,0,0,0,0,0,0,0,0,50,0,0,0,0,0,0,10,0,0,2,0,0,15,0,0,0,0,0,0,15,0,0,0,0,0,3,0,0,0,0,0,0,0,0,0,0,0,0,0,0,0,0,0,0,0,0,0,0,0,0,0,0,0,0,0
Doughnut Tunnel (right),5,3,70,0,0,0,0,0,0,0,0,0,0,0,50,0,0,0,0,0,0,10,20,0,2,0,0,15,0,0,15,0,0,0,0,0,0,0,0,0,3,0,0,0,0,0,0,0,0,0,0,0,0,0,0,0,0,0,0,0,0,0,0,0,0,0,0,0,0,0
Choco Cornet Tunnel,20,0,80,0,0,0,0,0,0,0,0,0,0,0,70,0,0,0,0,0,0,5,20,5,1,0,0,0,0,0,30,0,50,0,0,0,0,0,0,0,3,25,0,30,0,0,0,0,0,0,0,0,0,0,0,0,0,0,0,0,0,0,0,0,0,0,0,0,0,0
Shell Tunnel (Pink),20,0,50,0,0,0,0,0,0,0,0,0,0,0,0,0,0,0,0,0,0,10,20,0,1,0,0,0,0,0,30,0,60,0,0,0,0,0,0,0,3,0,0,10,0,0,0,0,0,0,0,0,0,0,0,0,0,0,0,0,0,0,0,0,0,0,0,0,0,0
Shell Tunnel (Blue),15,0,50,0,0,0,0,0,0,0,0,0,0,0,0,0,0,0,0,0,0,10,0,0,1,0,0,0,0,0,20,0,50,0,0,0,0,0,20,0,3,0,0,15,0,0,0,0,0,0,0,0,0,0,0,0,0,0,0,0,0,0,0,0,0,0,0,0,0,0
Shell Tunnel (White),15,0,60,0,0,0,0,0,0,0,0,0,0,0,0,0,0,0,0,0,0,10,0,5,1,0,0,0,0,0,20,0,50,0,10,0,0,0,0,0,3,0,0,10,0,0,0,0,0,0,0,0,0,0,0,0,0,0,0,0,0,0,0,0,0,0,0,0,0,0
Tail-thing Teaser,10,80,0,0,100,0,0,0,0,10,0,0,0,0,0,0,0,30,0,0,0,0,0,0,1,40,5,0,0,0,0,20,0,0,0,0,50,0,0,0,3,0,0,40,0,0,0,0,0,0,0,0,0,0,0,0,0,0,0,0,0,0,0,0,0,0,0,0,0,0
Wing-thing Teaser,10,80,0,0,120,0,0,0,0,0,0,50,0,0,0,0,0,30,0,0,0,0,0,0,1,0,5,0,0,0,0,30,0,0,0,0,80,0,0,0,3,0,0,0,0,0,0,0,0,0,0,0,0,0,0,0,0,0,0,0,0,0,0,0,0,0,0,0,0,0
Wild-thing Teaser,10,30,0,0,0,0,30,0,0,0,0,0,10,0,0,0,0,0,0,0,30,0,0,0,1,0,5,0,0,0,0,20,0,0,0,50,50,0,0,0,3,0,0,0,0,0,0,0,0,0,0,0,0,0,0,0,0,0,0,0,0,0,0,0,0,0,0,0,0,0
Zebra Grass Gadget,10,70,0,0,100,0,0,0,0,15,0,0,0,0,0,0,0,30,0,0,0,0,0,0,1,30,5,0,0,0,0,70,0,0,0,0,50,0,0,0,3,0,0,0,0,0,0,0,0,0,0,0,0,0,0,0,0,0,0,0,0,0,0,0,0,0,0,0,0,0
Fluff-thing Teaser,10,15,0,0,0,0,15,0,0,0,0,0,5,0,0,0,0,0,0,0,30,0,0,0,1,0,10,0,0,0,0,10,30,0,0,50,50,0,0,0,3,0,0,0,0,0,0,0,0,0,0,0,0,0,0,0,0,0,0,0,0,0,0,0,0,0,0,0,0,0
Mister Mouse,0,60,10,0,120,0,0,0,0,50,0,50,0,0,0,0,0,0,0,0,0,0,30,0,1,0,10,0,0,0,0,30,0,0,0,0,100,0,0,0,3,0,0,50,0,"[100, 0, 100]",0,0,0,0,0,0,0,0,0,0,0,0,0,0,0,0,0,0,0,0,0,0,0,0
Mister Dragonfly,0,60,10,0,160,0,0,0,0,50,0,0,0,0,0,0,0,0,0,0,0,0,0,30,1,0,5,0,0,0,0,20,0,0,0,0,80,0,0,0,3,0,0,0,0,0,0,0,0,0,0,0,0,0,0,0,0,0,0,0,0,0,0,0,0,0,0,0,0,0
Kick Toy (Mouse),0,60,20,0,80,0,0,0,0,40,0,60,0,0,0,0,0,0,0,0,0,0,40,0,2,0,20,0,0,0,20,0,0,0,0,0,0,40,0,0,3,0,0,0,0,0,0,0,0,0,0,0,0,0,0,0,0,0,0,0,0,0,0,0,0,0,0,0,0,0
Kick Toy (Fish),0,0,0,0,0,5,20,0,0,0,10,0,0,0,80,0,0,0,0,0,0,0,0,0,2,0,30,0,0,0,15,0,0,0,0,0,0,40,0,0,3,25,0,0,0,0,0,0,0,0,0,0,0,0,0,0,0,0,0,0,0,0,0,0,0,0,0,0,0,0
Kick Toy (Bunny),10,70,0,5,0,0,0,0,0,60,0,0,0,0,20,0,0,0,0,20,0,0,0,0,2,0,0,50,0,30,50,0,0,0,0,0,0,70,0,0,3,25,0,30,0,0,0,0,0,0,0,0,0,0,0,0,0,0,0,0,0,0,0,0,0,0,0,0,0,0
Kick Toy (Saury),0,0,0,0,0,5,20,0,0,0,15,0,0,0,100,0,0,0,0,0,0,0,0,0,2,0,30,0,0,0,15,0,0,0,0,0,0,40,0,0,3,0,0,0,0,0,0,0,0,0,0,0,0,0,0,0,0,0,0,0,0,0,0,0,0,0,0,0,0,0
2550,0,32,0,0,18,5,20,0,0,28,10,16,0,0,80,0,0,0,0,0,0,0,0,0,2,0,36,10,0,0,30,0,0,0,0,0,0,84,0,0,3,25,0,40,0,0,0,0,0,0,0,0,0,0,0,0,0,0,0,0,0,0,0,0,0,0,0,0,0,0
Busy Bee,0,30,5,0,150,0,0,0,0,0,0,0,0,0,0,0,0,0,0,0,50,0,0,0,1,0,0,0,0,0,0,70,0,0,0,0,0,0,100,0,3,0,0,80,0,0,0,0,0,0,0,0,0,0,0,0,0,0,0,0,0,0,0,0,0,0,0,0,0,0
Butterfly Swarm,20,10,0,5,0,0,0,0,30,0,0,3,0,0,5,0,0,0,0,0,30,0,0,0,1,0,50,0,0,0,0,70,0,0,0,0,0,0,150,0,3,0,0,0,0,0,0,0,0,0,0,0,0,0,0,0,0,0,0,0,0,0,0,0,0,0,0,0,0,0
Twisty Rail,0,30,0,10,90,0,0,0,0,0,0,0,0,20,0,30,0,0,30,0,0,20,0,0,8,30,0,5,5,0,0,0,0,0,0,0,100,0,120,0,3,0,0,0,0,0,0,0,0,0,0,100,0,0,0,0,0,0,0,0,0,0,0,0,0,0,0,0,0,0
Kotatsu (front l or r),40,40,0,0,80,0,0,70,80,0,50,20,0,0,50,50,0,0,0,0,0,20,0,0,1,0,5,15,0,0,0,0,0,0,0,0,0,0,0,0,3,0,0,0,0,0,0,0,0,0,0,0,0,0,0,0,0,0,0,0,0,0,0,0,0,0,0,0,0,0
Kotatsu (front l or r),40,40,0,0,80,0,0,70,80,0,50,20,0,0,50,50,0,0,0,0,0,20,0,0,1,0,5,15,0,0,0,0,0,0,0,0,0,0,0,0,3,20,0,0,0,0,0,0,0,0,0,0,0,0,0,0,0,0,0,0,0,0,0,0,0,0,0,0,0,0
Kotatsu (right),40,0,20,0,0,30,0,70,80,0,0,20,0,0,50,50,0,30,0,50,0,20,0,30,1,0,0,15,0,0,0,0,30,0,0,0,0,0,0,20,3,0,0,0,0,0,0,0,0,0,0,0,0,0,0,0,0,0,0,0,0,0,0,0,0,0,0,0,0,0
Kotatsu (top),0,40,0,30,0,50,80,0,50,10,0,20,10,30,0,0,0,0,20,0,50,20,10,0,1,20,0,0,30,10,0,0,0,80,0,0,0,0,0,0,3,0,0,30,0,0,0,0,"[30, 30, 30]",0,0,0,0,0,0,0,0,0,0,0,0,0,0,0,0,0,0,0,0,0
Round Kotatsu (front l or r),30,0,0,0,0,0,0,0,60,0,50,20,0,0,50,50,0,0,0,40,0,20,0,0,1,0,5,15,0,0,0,0,0,0,0,0,0,0,0,20,3,40,0,0,0,0,0,0,0,0,0,0,0,0,0,0,0,0,0,0,0,0,0,0,0,0,0,0,0,0
Round Kotatsu (front l or r),40,0,0,0,0,0,0,70,60,0,50,20,0,0,50,50,0,0,0,0,0,20,0,0,1,0,5,15,0,0,0,0,30,0,0,0,0,0,0,0,3,0,0,0,0,0,0,0,0,0,0,0,0,0,0,0,0,0,0,0,0,0,0,0,0,0,0,0,0,0
Round Kotatsu (right side),30,0,20,0,80,0,0,0,60,0,0,0,0,0,50,50,0,30,0,0,0,20,0,0,1,0,0,15,0,0,0,0,0,0,0,0,0,0,0,0,3,0,0,0,0,0,0,0,0,0,0,0,0,0,0,0,0,0,0,0,0,0,0,0,0,0,0,0,0,0
Round Kotatsu (top),0,60,0,0,0,70,80,0,0,0,0,0,10,70,0,0,0,0,0,0,50,20,0,0,1,20,0,0,10,0,30,0,0,0,0,0,0,0,0,0,3,0,0,40,0,0,0,0,0,0,0,0,0,0,0,0,0,0,0,0,0,0,0,0,0,0,0,0,0,0
Sunken Fireplace (right),20,15,0,30,0,0,30,60,60,0,0,0,0,30,20,20,0,0,0,20,0,0,10,0,1,0,0,15,0,0,25,0,0,0,0,0,0,0,0,0,3,20,0,0,0,0,0,0,0,0,0,0,0,0,0,0,0,0,0,0,0,0,0,0,0,0,0,0,0,0
Sunken Fireplace (left),20,15,0,0,0,0,0,45,60,0,0,20,0,0,0,20,10,0,0,0,30,20,0,0,1,20,5,15,0,0,0,0,0,0,30,0,0,0,0,0,3,0,0,0,0,0,0,0,0,0,0,0,0,0,0,0,0,0,0,0,0,0,0,0,0,0,0,0,0,0
Sunken Fireplace (center),20,15,0,0,0,0,0,60,70,0,50,0,0,25,0,20,0,0,0,0,0,20,0,0,1,0,0,15,10,0,20,0,15,0,0,0,0,0,0,0,3,0,0,0,0,0,0,0,0,0,0,0,0,0,0,0,0,0,0,0,0,0,0,0,0,0,0,0,0,0
Sunken Fireplace (Chairman Meow Only),0,0,0,0,0,0,0,0,0,0,0,0,0,0,0,0,0,0,0,0,0,0,0,0,0,0,0,0,0,0,0,0,0,0,0,0,0,0,0,0,0,0,0,0,0,0,0,"[5, 5, 5]",0,0,0,0,0,0,0,0,0,0,0,0,0,0,0,0,0,0,0,0,0,0
Hot-Water Bottle,20,10,0,0,0,10,40,25,30,0,30,20,10,0,0,0,0,10,40,0,0,40,0,0,1,0,0,5,0,0,0,0,20,30,0,0,0,0,0,10,3,0,0,0,0,0,0,0,0,0,0,0,0,0,0,0,0,0,0,0,0,0,0,0,0,0,0,0,0,0
Hot Mat (Small),20,10,0,0,0,10,40,25,30,0,30,20,10,30,0,0,0,30,50,0,0,50,0,0,1,0,0,5,0,0,0,0,0,30,0,0,0,0,0,0,3,0,0,0,0,0,0,0,0,0,0,0,0,0,0,0,0,0,0,0,0,0,0,0,0,0,0,0,0,0
Hot Mat (Large) (top),20,15,30,0,0,0,0,25,30,5,0,0,0,0,0,0,0,0,0,0,0,0,0,0,1,0,0,5,0,0,30,0,30,0,0,0,0,0,10,0,3,0,0,0,0,0,0,0,0,0,0,0,0,0,0,0,0,0,0,0,0,0,0,0,0,0,0,0,0,0
Hot Mat (Large) (center),20,15,0,50,0,0,0,25,30,0,30,0,0,0,0,0,0,0,0,30,0,0,0,0,1,0,0,5,0,0,30,0,0,0,15,0,0,0,10,0,3,0,0,10,0,0,0,0,0,0,0,0,0,0,0,0,0,0,0,0,0,0,0,0,0,0,0,0,0,0
Hot Mat (Large) (botom),20,15,0,0,0,0,30,25,30,0,0,0,0,0,0,0,50,0,0,0,30,0,0,0,1,0,0,5,0,0,25,0,0,0,0,0,0,0,10,20,3,30,0,10,0,0,0,0,0,0,0,0,0,0,0,0,0,0,0,0,0,0,0,0,0,0,0,0,0,0
Heating Stove (right),0,0,0,30,0,0,0,0,0,50,0,0,0,0,0,10,0,0,0,0,30,0,0,0,1,0,20,5,0,0,0,0,20,0,0,0,0,0,10,0,3,0,0,0,0,0,0,0,0,0,0,0,0,0,0,0,0,0,0,0,0,0,0,0,0,0,0,0,0,0
Heating Stove (left),15,0,0,0,0,0,25,0,0,0,0,0,0,0,30,10,0,0,0,0,0,0,30,0,1,0,0,5,0,20,0,0,0,0,0,0,0,0,10,0,3,0,0,0,0,0,0,0,0,0,0,0,0,0,0,0,0,0,0,0,0,0,0,0,0,0,0,0,0,0
Heating Stove (center),15,0,0,0,0,0,0,0,15,0,0,0,30,0,0,10,10,30,0,0,0,20,0,0,1,0,0,5,0,0,0,0,0,0,0,20,0,0,10,0,3,0,0,0,0,0,0,0,0,0,0,0,0,0,0,100,0,0,0,0,0,0,0,0,0,0,0,0,0,0
Panel Heater (right),0,0,0,20,40,0,0,0,0,0,20,0,0,0,0,10,0,0,0,0,30,0,0,0,1,0,0,5,0,0,0,30,20,0,0,0,0,50,0,0,3,0,0,0,0,0,0,0,0,0,0,0,0,0,0,0,0,0,0,0,0,0,0,0,0,0,0,0,0,0
Panel Heater (left),15,20,0,0,0,0,0,0,15,0,30,10,0,10,0,10,10,0,0,0,0,20,0,0,1,30,0,5,20,0,0,0,0,0,0,0,50,0,0,0,3,0,0,0,0,0,0,0,0,0,0,0,0,0,0,0,0,0,0,0,0,0,0,0,0,0,0,0,0,0
Panel Heater (center?),0,0,0,0,0,0,0,0,0,0,0,0,0,0,0,0,0,0,0,0,0,0,0,0,0,0,0,0,0,0,0,0,0,0,0,0,0,0,0,0,0,0,0,0,0,0,0,0,0,0,0,0,0,0,0,0,0,0,0,0,0,0,0,0,0,0,0,0,0,0
Space Heater (right),0,0,10,20,0,40,0,0,0,0,0,0,0,0,0,10,0,0,0,0,30,0,0,0,1,0,0,5,0,0,0,20,0,0,0,0,0,0,10,0,3,0,0,0,0,0,0,0,0,0,0,0,0,0,0,0,0,0,0,0,0,0,0,0,0,0,0,0,0,0
Space Heater (center),15,20,10,0,0,0,0,30,0,0,0,0,0,0,0,10,0,0,0,20,0,0,0,0,1,0,0,5,0,0,15,0,20,0,0,0,0,0,10,20,3,0,0,0,0,0,0,0,0,0,0,0,0,0,0,0,0,0,0,0,0,0,0,0,0,0,0,0,0,0
Space Heater (left),15,20,10,0,0,0,0,0,15,0,0,0,0,0,0,10,10,0,10,0,0,20,0,0,1,0,0,5,0,0,15,0,0,0,0,0,0,0,10,0,3,0,0,0,0,0,0,0,0,0,0,0,0,0,0,0,0,0,0,0,0,0,0,0,0,0,0,0,0,0
Pile of Leaves,30,30,20,0,50,0,0,0,80,5,0,0,0,0,30,50,0,20,0,20,0,30,0,15,1,0,5,15,0,0,0,0,0,0,15,0,0,0,0,0,3,20,0,70,0,0,0,0,0,0,0,0,0,0,0,0,0,0,0,0,0,0,0,0,0,0,0,0,0,0
Kiddy Rucksack (Pink),20,35,5,0,50,0,5,0,0,20,0,50,0,5,0,0,0,0,0,0,0,0,20,0,1,0,5,5,0,0,5,0,0,0,0,0,0,20,0,5,3,5,0,0,0,0,0,0,0,0,0,0,0,0,0,0,0,0,0,0,0,0,0,0,0,0,0,0,0,0
Kiddy Rucksack (Blue),0,12,0,0,0,0,35,0,0,0,12,0,0,35,80,0,0,12,0,0,0,0,0,12,1,0,12,0,0,0,0,0,0,0,0,0,0,35,0,0,3,12,0,0,0,0,0,0,0,0,0,0,0,0,0,0,0,0,0,0,0,0,0,0,0,0,0,0,0,0
Kiddy Rucksack (Lime),0,35,0,35,0,0,5,0,0,35,0,0,0,5,5,0,0,0,0,5,0,0,0,0,1,5,0,20,0,5,20,0,20,0,0,0,0,35,0,0,3,5,0,5,0,0,0,0,0,0,0,0,0,0,0,0,0,0,0,0,0,0,0,0,0,0,0,0,0,0
Paper Bag,10,5,5,0,10,0,0,0,10,5,0,0,15,0,0,75,0,20,5,0,0,15,0,20,1,0,5,0,0,0,0,70,0,0,0,0,70,0,80,0,3,0,0,0,0,0,0,0,0,0,0,0,0,0,0,0,0,0,0,0,0,0,0,0,0,0,0,0,0,0
Plastic Bag,5,0,5,0,5,0,0,5,0,0,0,0,0,0,0,100,0,0,5,0,0,15,0,15,1,0,5,0,0,0,0,50,0,0,0,0,0,70,80,0,3,0,0,0,0,0,0,0,0,0,0,0,0,0,0,0,0,0,0,0,0,0,0,0,0,0,0,0,0,0
Scratching Board,0,10,0,10,50,0,0,0,0,0,0,50,30,0,0,0,30,0,30,0,0,10,0,0,1,0,0,0,30,0,0,30,0,30,0,0,0,50,0,0,3,0,0,20,0,0,0,0,0,0,0,0,0,0,0,0,0,0,0,0,0,0,0,0,0,0,0,0,0,0
Scratching Post,0,0,10,0,0,30,0,0,0,50,0,30,0,0,0,0,0,0,30,0,0,10,0,0,1,0,15,0,0,0,0,30,0,20,0,0,50,0,0,0,3,0,0,20,0,0,0,0,0,0,0,0,0,0,0,0,0,0,0,0,0,0,0,0,0,0,0,0,0,0
Scratching Log,0,0,0,0,0,0,50,0,0,50,50,50,0,100,0,0,0,0,30,30,0,10,5,0,1,0,0,0,0,0,0,0,0,40,0,0,0,0,0,0,3,30,0,30,0,0,0,0,0,0,0,0,0,"[100, 99, 99]",0,0,0,0,0,0,0,0,0,0,0,0,0,0,0,0
Fruit Basket,10,0,0,0,0,0,10,0,30,0,0,0,0,0,30,0,20,0,0,0,0,0,0,20,1,0,0,0,0,0,0,0,0,0,50,0,0,0,0,0,3,0,0,15,0,0,0,0,0,0,0,0,0,0,0,0,0,0,0,0,0,0,0,0,0,0,0,0,0,0
Earthenware Pot,10,0,10,80,0,0,50,100,100,0,50,0,80,50,50,70,50,50,10,20,30,0,0,30,1,30,0,0,0,0,0,0,0,0,0,0,0,20,70,20,3,0,0,0,0,0,0,100,0,0,0,0,0,0,0,0,0,0,0,0,0,0,0,0,0,0,0,0,0,0
Rice Kettle,10,0,5,0,0,0,20,30,30,0,0,0,20,0,30,0,0,0,0,0,0,0,0,30,1,0,0,0,0,0,0,0,0,0,0,0,0,0,30,0,3,0,0,0,0,0,0,0,0,0,0,0,0,0,0,0,0,0,0,0,0,0,0,0,0,0,0,0,0,0
Iron Teapod,0,0,0,29,30,0,5,0,0,0,0,0,5,3,5,0,0,10,0,0,20,0,0,15,1,0,0,10,0,5,0,0,0,10,0,0,20,0,0,0,3,0,0,0,0,0,0,0,0,0,0,0,0,0,0,0,0,0,0,0,0,0,0,0,0,0,0,0,0,0
Lacquered Bowl,15,0,5,0,0,0,20,30,0,0,20,0,0,100,30,0,0,0,5,0,0,0,0,20,1,0,0,0,0,0,0,0,0,0,0,0,0,0,0,0,3,20,0,0,0,0,0,0,0,0,0,0,0,0,0,0,0,0,0,0,0,0,0,0,0,0,0,0,0,0
Lacquered Bowl (Kathmandu only),0,0,0,0,0,0,0,0,0,0,0,0,0,0,0,0,0,0,0,0,0,0,0,0,0,0,0,0,0,0,0,0,0,0,0,0,0,0,0,0,0,0,0,0,0,0,0,0,0,0,0,0,0,0,0,0,"[5, 0, 0]",0,0,0,0,0,0,0,0,0,0,0,0,0
Clay Pot,0,0,0,30,0,0,30,0,0,0,0,0,0,3,0,0,0,30,30,0,0,0,15,0,1,0,0,0,0,0,0,0,0,0,0,0,0,0,50,0,3,0,20,0,0,0,0,0,0,0,0,0,0,0,0,0,0,0,0,0,0,0,0,0,0,0,0,0,0,0
Pickling Pot,0,5,0,15,0,0,20,0,0,0,0,0,0,3,0,0,0,20,20,0,0,0,5,5,1,0,0,0,0,0,0,0,0,0,0,0,0,0,30,0,3,0,20,0,0,0,0,0,0,0,0,0,0,0,0,0,0,0,0,0,0,0,0,0,0,0,0,0,0,0
Honey Pot,0,0,0,10,0,0,15,0,0,0,0,0,0,0,50,0,0,10,10,0,0,0,20,20,1,0,0,0,0,0,0,0,0,0,0,0,0,0,50,0,3,0,0,10,0,0,0,0,0,0,0,0,0,0,0,0,0,0,0,0,0,0,0,0,0,0,0,0,0,0
Kokeshi Pot (Blossom),40,0,0,0,0,10,20,0,0,0,0,30,0,25,0,0,0,0,0,0,15,10,0,0,2,0,0,25,0,0,0,0,0,0,0,0,0,15,0,20,3,25,15,10,0,0,0,0,0,0,0,0,0,0,0,0,0,0,0,0,0,0,0,0,0,0,0,0,0,0
Kokeshi Pot (Flow),0,30,0,0,0,0,20,0,0,0,25,0,0,40,0,0,0,25,5,0,15,10,0,30,2,0,0,0,0,0,0,0,0,0,0,0,0,10,5,0,3,0,15,10,0,0,0,0,0,0,0,0,0,0,0,0,0,0,0,0,0,0,0,0,0,0,0,0,0,0
Kokeshi Pot (Spring),5,0,0,60,0,0,20,15,0,0,0,0,0,25,0,10,0,0,0,0,15,10,0,0,2,20,0,0,0,0,0,0,40,0,0,0,0,0,0,0,3,0,15,10,0,0,0,0,0,0,0,0,0,0,0,0,0,0,0,0,0,0,0,0,0,0,0,0,0,0
Planter,3,0,0,30,30,0,0,0,50,50,0,0,50,0,0,0,30,30,0,0,0,0,15,0,1,0,0,0,0,0,0,0,0,0,100,0,0,0,20,0,3,0,0,0,0,0,0,0,0,0,0,0,0,0,0,0,0,0,0,0,0,0,0,0,0,0,0,0,0,0
Bucket (Blue),0,0,20,0,40,0,0,0,0,10,0,0,5,0,0,0,0,30,0,0,0,0,15,0,1,0,0,0,0,0,0,0,0,0,50,0,0,0,0,15,3,0,20,10,0,0,0,0,0,0,0,0,0,0,0,0,0,0,0,0,0,0,0,0,0,0,0,0,0,0
Bucket (Red),0,0,15,0,45,0,5,0,0,5,0,0,0,0,0,0,0,15,3,0,0,0,10,0,1,0,0,0,0,20,0,0,0,0,50,0,0,0,0,15,3,0,20,10,0,0,0,0,0,0,0,0,0,0,0,0,0,0,0,0,0,0,0,0,0,0,0,0,0,0
Bucket (Yellow),0,0,10,0,50,0,5,0,0,0,0,0,0,0,0,0,0,0,5,0,0,0,20,0,1,0,10,0,0,0,0,0,0,0,50,0,0,0,0,15,3,0,20,10,0,0,0,0,0,0,0,0,0,0,0,0,0,0,0,0,0,0,0,0,0,0,0,0,0,0
Wooden Pail,0,0,0,20,0,0,10,20,25,0,0,0,0,5,0,30,0,0,0,0,20,0,10,0,1,0,10,0,0,0,5,0,20,0,25,0,0,30,0,0,3,5,0,20,0,0,0,0,0,0,0,0,0,0,0,0,0,0,0,0,0,0,0,0,0,0,0,0,0,0
Snow Sled (front),0,0,0,0,30,20,0,0,0,50,0,0,60,0,0,0,0,0,0,0,10,5,0,0,1,0,0,15,0,0,0,0,0,0,0,0,0,0,0,0,3,0,0,20,0,0,0,0,0,0,0,0,0,0,0,0,0,0,0,0,5,0,0,0,0,0,0,0,0,0
Snow Sled (back),0,0,10,0,0,10,30,0,0,10,40,0,30,0,0,0,0,0,0,0,20,5,0,10,1,5,0,15,0,0,0,0,0,0,40,0,0,0,0,0,3,0,0,0,0,0,0,0,0,0,0,0,0,0,0,0,0,0,0,0,5,0,0,0,0,0,0,0,0,0
Goldfish Bowl,10,0,0,150,50,0,50,70,70,0,0,0,0,30,50,0,0,30,10,0,0,40,0,0,1,0,0,5,40,0,0,0,0,0,50,0,0,0,100,0,3,25,0,0,0,0,0,0,0,0,0,0,0,0,0,0,0,0,0,0,0,0,0,0,0,0,0,0,0,0
Snow Dome,30,0,0,0,50,0,30,0,50,0,0,0,0,30,30,70,0,30,20,0,0,0,0,0,1,0,0,0,40,0,20,5,0,10,100,0,0,0,50,0,3,0,0,0,0,0,0,0,0,0,0,0,0,0,0,0,0,0,0,0,0,0,0,0,0,0,0,0,0,0
Glass Vase,1,1,30,1,30,1,10,1,1,1,1,1,20,1,15,1,1,1,1,1,20,1,10,1,3,1,5,1,1,1,1,1,1,1,40,1,1,1,1,1,3,1,20,5,0,0,0,0,0,0,0,0,0,0,0,10,0,0,0,0,0,0,0,0,0,0,0,0,0,0
Jumbo Glass Mug,0,0,0,15,30,0,0,0,0,40,0,0,0,0,0,0,0,0,0,0,0,0,20,0,1,0,0,15,0,0,0,0,0,0,30,0,0,0,0,25,3,0,0,0,0,0,0,0,0,0,0,0,0,0,0,0,0,0,0,0,0,0,0,0,0,0,0,0,0,0
Cowboy Hat (wearing),0,0,0,0,30,30,0,0,0,20,0,0,50,0,0,10,0,0,30,0,0,0,0,30,1,0,0,0,0,0,15,0,0,0,0,0,0,70,0,0,3,0,0,0,0,0,0,0,0,0,0,0,0,0,0,0,0,0,0,0,0,0,0,0,0,0,0,0,0,0
Cowboy Hat (sitting in),10,0,15,10,0,0,15,30,15,0,0,0,0,0,10,20,30,0,0,0,0,0,0,0,1,0,0,10,0,0,30,0,0,0,0,0,70,0,0,0,3,0,0,0,0,0,0,0,0,0,0,0,0,0,0,0,0,0,0,"[100, 99, 99]",0,0,0,0,0,0,0,0,0,0
Wood Pail,10,0,5,50,0,0,10,100,30,0,0,0,20,0,25,0,15,10,0,0,0,0,0,50,1,0,0,0,0,0,0,15,0,0,0,0,0,0,0,0,3,0,0,0,0,0,0,0,0,0,0,0,0,0,0,0,0,0,0,0,0,0,0,0,0,0,0,0,0,0
Cat Macaron (Pink),30,0,0,0,0,0,0,0,20,0,20,0,0,5,50,0,0,0,0,0,0,0,0,0,5,20,0,0,0,0,20,15,0,20,0,0,0,0,0,0,3,0,0,0,0,0,0,0,0,0,0,0,0,0,0,0,0,0,0,0,0,0,0,0,0,0,0,0,0,0
Cat Macaron (Green),30,0,0,0,0,0,0,0,5,0,30,0,0,5,50,0,0,0,0,0,0,0,0,0,5,15,0,0,0,0,20,15,0,20,0,0,0,0,0,0,3,0,0,0,0,0,0,0,0,0,0,0,0,0,0,0,0,0,0,0,0,0,0,0,0,0,0,0,0,0
Cat Pancake,0,0,0,5,0,0,0,30,0,0,0,0,0,15,70,15,0,20,20,0,0,0,0,0,1,10,0,0,30,0,30,5,0,20,0,0,0,0,0,10,3,0,0,0,0,0,0,0,0,0,0,0,0,0,0,0,0,0,0,0,0,0,0,0,0,0,0,0,0,0
Cream-puff House,20,0,0,0,0,0,0,0,15,0,10,0,0,10,70,0,0,0,0,0,0,0,0,0,3,5,0,0,0,0,20,5,0,20,0,0,0,0,0,0,3,0,0,20,0,0,0,0,0,0,0,0,0,0,0,0,0,0,0,0,0,0,0,0,0,0,0,0,0,0
Box Tissue,0,0,100,0,70,0,35,0,0,30,0,0,0,0,0,0,0,0,0,10,20,0,10,0,1,0,0,15,0,30,0,0,0,0,60,0,0,0,0,15,3,0,5,40,0,0,0,0,0,0,0,0,0,0,0,0,0,0,0,0,0,0,0,0,0,0,0,0,0,0
Eco Bag,20,35,5,0,50,0,5,0,0,20,0,50,0,5,0,0,0,0,0,0,0,0,20,0,1,0,5,5,0,0,5,0,0,0,0,0,0,20,0,5,3,5,0,0,0,0,0,0,0,0,0,0,0,0,0,0,0,0,0,0,0,0,0,0,0,0,0,0,0,0
Golden Fish Statue,10,10,0,5,0,0,0,0,0,0,30,0,0,100,0,0,30,0,0,0,30,0,0,0,1,0,0,0,0,0,0,0,10,0,0,0,0,0,0,0,3,0,0,0,0,0,0,0,0,0,0,0,0,0,0,0,0,0,0,0,0,0,0,0,0,0,0,0,0,0
